author,price,title,typee
"Dale Carnegie,, ,Napoleon Hill,, et al.,F. Scott Fitzgerald,Arun Tiwari, and ,A. P. J. Abdul Kalam,Various,Walter Isaacson,Mahatma Gandhi,Brad Stone,Paulo Coelho,Joseph Murphy,Robin Sharma,Morgan Housel,Radhakrishnan Pillai,James Clear,Stephen Hawking,Napoleon Hill,Anita Nipane,Anne Frank,Brad Stone,Robin Sharma,Dale Carnegie,, ,Napoleon Hill,, et al.,Aristotle, and ,EduGorilla Community Pvt. Ltd.,Vivekananda","299,99,252,331,409,189,448,226,168,170,270,280,520,139,99,0,100,439,220,299,103,539","World‚Äôs Greatest Books For Personal Growth & Wealth (Set of 4 Books): Perfect Motivational Gift Set,The Great Gatsby,Wings of Fire: An Autobiography of Abdul Kalam,World‚Äôs Greatest Books For Personal Growth & Wealth (Set of 4 Books) (Hindi),Steve Jobs: The Exclusive Biography,Mahatma Gandhi Autobiography: The Story Of My Experiments With Truth,The Everything Store: Jeff Bezos and the Age of Amazon,The Alchemist,The Power of Your Subconscious Mind,Who Will Cry When You Die?,The Psychology of Money,Corporate Chanakya, 10th Anniversary Edition-2021: Successful Management the Chanakya Way,Atomic Habits: The life-changing million copy bestseller,The Theory of Everything: The Origin and Fate of the Universe,Think & Grow Rich,5 Secret Strategies of Kindle Publishing: Earn Passive Income with Non-fiction Books (Sell Books on Amazon Book 1),The Diary of a Young Girl,Amazon Unbound,The Monk Who Sold His Ferrari,World‚Äôs Greatest Books For Personal Growth & Wealth (Set of 4 Books): Perfect Motivational Gift Set,The Politics: Aristotle's philosophy on ""Man"" as a ""political animal"",Spirituality For Leadership & Success (Box-Set of 5 Books): Gita, Vedanta, Hinduism, Buddha, Vivekananda","Paperback,Paperback,Paperback,Paperback,Paperback,Paperback,Paperback,Paperback,Paperback,Paperback,Paperback,Paperback,Paperback,Paperback,Paperback,Kindle Edition,Paperback,Paperback,Paperback,Paperback,Paperback,Paperback"
"Robin Sharma,Sarfraz Yusuf,Steve Anderson,Brad Stone, and ,Sudhir Dixit,Rajani Thindiath,Dubl B Marketing,CHIGOZIE NNURIAM,Jason  Sharon  ,Dr Mukul Abasaheb Burghate,, ,Dr. Indu  Mazumdar,, et al.,Robin Sharma,Abhinav Chandrachud,Charlotte Bront√´,Morgan Gist MacDonald,B.K. Chaturvedi,Dan Gaines, and ,FLAVIO MOREIRA,Mahatma Ramratna Thapaliyal Translated from the Original Hindi by Rupa Srikumar and A. K. Srikumar,Mike Ryan, and ,Federico Lucifredi,Jane Austen F. Scott Fitzgerald, Oscar Wilde, Emily Bront√´,Dale Carnegie,James  Allen,Grant Cardone,Oswaal Ediorial Board","201,519,304,294,0,0,0,0,0,227,510,419,0,114,246,.,169,902,.,379,360,19,.,132,.,199","The Everyday Hero Manifesto,Wiley's ExamXpert MAH-MBA/MMS CET Maharashtra Common Entrance Test,Success Secrets of Amazon,The Everything Store: Jeff Bezos aur Amazon ka Yug,SUPPANDI (VOL 2) : TINKLE COLLECTION (SUPPANDI : TINKLE COLLECTION),How to make money online with the Amazon kindle store: Let Amazon do the online marketing and you collect the check!,How Amazon SEO Can Help You Sell Your Book And Improve Its Ranking,The Mind-Blowing Guide To Sell On Amazon : A Detailed Step-By-Step To Sell On Amazon And Make Profits With Self-Publishing Guidebook | Secrets To Earn From Zero To Millions Without Advert At Home,‚ÄòA Handbook on Teaching & Research Aptitude (General Paper -I of UGC-NET & PET Exams): A Crash Book for all Aspiring Students‚Äô : (For All 101 Subjects),The 5 AM Club: Own Your Morning, Elevate Your Life,Soli Sorabji: Life and Times: An Authorized Biography,Jane Eyre (Deluxe Hardbound Edition),Start Writing Your Book Today: A step-by-step plan to write your nonfiction book, from first draft to finished manuscript,Chanakya Neeti with Sutras of Chanakya Included,Como cancelar sua assinatura do Amazon Prime Video Membership (Portuguese Edition),Vishwadarshan, A Glimpse of the Universe,AWS System Administration: Best Practices for Sysadmins in the Amazon Cloud,World‚Äôs Greatest Classics (Box Set of 4 Books),The Best of Dale Carnegie (Set of 5 Books),As A Man Thinketh: ‚ÄòAs A Man Thinketh‚Äô is an Ideal Read for all Those Who Find Peace, Solace and Motivation in Inspirational Books,The 10X Rule: The Only Difference Between Success and Failure,Oswaal One For All Olympiad Previous Years' Solved Papers, Class-1 Science Book (For 2022-23 Exam)","Paperback,Paperback,Paperback,Paperback,Kindle Edition,Kindle Edition,Kindle Edition,Kindle Edition,Kindle Edition,Paperback,Hardcover,Hardcover,Kindle Edition,Paperback,Kindle Edition,Paperback,Kindle Edition,Paperback,Paperback,Kindle Edition,Kindle Edition,Paperback"
"Oswaal Ediorial Board,Joseph Murphy,George Matthew Adams,Key Points,Lilly Singh,Amazon Builders' Library,Robin Sharma,Robert J. Ryan,Paul Guti√©rrez Covey,EduGorilla Prep Experts,Robin Sharma,Radhakrishnan Pillai,ANANT PAI,Roger Fritz, and ,Ph.D. Edited by Arthur R. Pell,Michael  Jordan ,Wonder House Books,Dale Carnegie,Bernard Langs,, ,Brett Gingold,, et al.,Rhonda Byrne,Wonder House Books,Lori Gottlieb,Oswaal Ediorial Board","244,168,99,0,402,0,201,0,0,599,183,200,0,138,0,151,113,0,269,272,503,190","Oswaal One For All Olympiad Previous Years' Solved Papers, Class-1 General Knowledge Book (For 2022-23 Exam),The Power of Your Subconscious Mind,You Can,HOW TO CANCEL AMAZON KIDS SUBSCRIPTION: A simple and easy step to cancel amazon kids plus subscription in 45 Seconds,Be a Triangle: How I Went from Being Lost to Getting My Life into Shape,Workload Isolation Using Shuffle-Sharding,The Everyday Hero Manifesto,Sales Copy Unleashed: Advanced Publishing and Marketing Strategies for Indie Authors (Self-publishing Guide Book 4),Self-Publishing on KDP: A Step-by-Step Guide to using the Kindle Direct Publishing Website (The Amazon How-To Series),Banking Prelims 2022 Combo Set | 2000+ Solved Topic-wise Questions for IBPS/SBI/RBI Bank Clerk/ PO & Others Bank Exam,The Leader Who Had No Title,Chanakya in You,TINKLE DOUBLE DIGEST 8,The Power of A Positive Attitude: Your Road To Success,Create Seller Account On Amazon Now: How to start selling on Amazon FBA in 5 minutes,The Illustrated Stories Of Akbar and Birbal: Classic Tales From India,How To Win Friends & Influence People, International Bestseller,Only The Beginning,Magic,Peppa Pig - Peppa Loves Muddy Puddles : Fun Learning Set (with Wipe and Clean Mats, Coloring Sheets, Stickers, Appreciation Certificate and Pen),Maybe You Should Talk To Someone,Oswaal One For All Olympiad Previous Years' Solved Papers, Class-1 Reasoning Book (For 2022-23 Exam)","Paperback,Paperback,Paperback,Kindle Edition,Hardcover,Kindle Edition,Paperback,Kindle Edition,Kindle Edition,Product Bundle,Paperback,Paperback,Kindle Edition,Paperback,Kindle Edition,Hardcover,Paperback,Kindle Edition,Paperback,Loose Leaf,Paperback,Paperback"
"Anne Frank,Dr. Joseph Murphy,Dr. Joseph Murphy,Frances Hodgson Burnett,Marshall De Bruhl,Paulo Coelho,Marvin Karlins Joe Navarro,Swati Gautam,Ajay K Pandey,William Shakespeare,Gita Piramal,Timothy Falcon Crack,Chandler Baker,Becca Day,‡¥¨‡¥ø‡¥ú‡¥ø  ‡¥Æ‡¥±‡¥ø‡¥Ø‡¥Ç ‡¥µ‡¥ø‡¥ú‡µÄ‡¥∑‡µç,Aarambh Anth, and ,Rhitika B,ANANT PAI,ANANT PAI,Ruskin Bond,Discover Planet Editorial Team","100,299,103,872,139,731,.,217,372,61,.,99,.,531,500,368,0,970,0,0,0,0,0,381,195","The Diary of a Young Girl,The Power of Your Subconcious Mind (Exclusive Hardbound Edition),Great Truths That Set Us Free,Elon Musk + The Everything Store: Jeff Bezos and the Age of Amazon,The Secret Garden,The River Sea: The Amazon in History, Myth, and Legend,The Fifth Mountain,What Every Body is Saying : An Ex-FBI Agent's Guide to Speed-Reading People,Bob Proctor ke Success PRINCIPLES (Hindi Edition),The Girl In The Red Lipstick,Greatest Tragedies of Shakespeare (Deluxe Hardbound Edition),Rahul Bajaj: An Extraordinary Life | Official Biography of the chairman of Bajaj Group,24 Essential Tips for Selling Print Replica eBooks on Amazon: How to Capture New Readers by Turning Your Physical Book into an eBook,Oh. What. Fun.,The Everything Store + The Four: The Hidden DNA of Amazon, Apple, Facebook and Google,The Girl Beyond the Gate: An absolutely unputdownable and gripping psychological thriller,‡¥í‡¥±‡µç‡¥±‡¥Æ‡µÇ‡¥≤‡¥ø‡¥ï‡µæ ‡¥Ö‡¥•‡¥µ‡¥æ: Single Medicine Therapy (‡¥≠‡¥æ‡¥ó‡¥Ç - 3) (‡¥∏‡µç‡¥™‡µÜ‡¥∑‡µç‡¥Ø‡µΩ) (Malayalam Edition),CONUNDRUM OF LIFE: A glimpse of life put together in poems,TINKLE DIGEST 10,TINKLE DIGEST 4,Ruskin Bond - Best Selling Children Story Books Collection (Set of 4 Books),India Tourist Road Atlas (Hindi) - Approved by Survey of India & Ministry of Defence","Paperback,Hardcover,Paperback,Product Bundle,Paperback,Kindle Edition,Paperback,Paperback,Kindle Edition,Paperback,Hardcover,Hardcover,Kindle Edition,Kindle Edition,Product Bundle,Kindle Edition,Kindle Edition,Kindle Edition,Kindle Edition,Kindle Edition,Product Bundle,Paperback"
"Plato,Lynch,‡¥¨‡¥ø‡¥ú‡¥ø  ‡¥Æ‡¥±‡¥ø‡¥Ø‡¥Ç ‡¥µ‡¥ø‡¥ú‡µÄ‡¥∑‡µç ,M  Zahid ,Sottojit Dey,M  Zahid ,‡Æ§‡Æø‡Æµ‡Øç‡ÆØ‡Æ∏‡Øç‡Æ∞‡ØÄ DhivyaSree,Amish,Daniel G.  Brinton,Chetan Bhagat,Jacob Grimm & Wilhelm Grimm,Napoleon Hill,Mahesh Dutt Sharma,Henrik Ibsen,Payal Kadakia,Adeniran Comfort,Akshay Ravindran,Ashish kumar,Amit Dey,Adam Smith,Dr. Joseph Murphy","159,402,0,0,0,0,0,399,109,166,531,149,51,.,129,441,335,0,0,51,.,0,240,195","The Republic,Learn to Earn: A Beginner's Guide to the Basics of Investing and Business,‡¥í‡¥±‡µç‡¥±‡¥Æ‡µÇ‡¥≤‡¥ø‡¥ï‡µæ ‡¥Ö‡¥•‡¥µ‡¥æ : Single Medicine Therapy (‡¥≠‡¥æ‡¥ó‡¥Ç - 1) (‡¥∏‡µç‡¥™‡µÜ‡¥∑‡µç‡¥Ø‡µΩ) (Malayalam Edition),A Complete Guide to Japanese Candlesticks: Earn Money by trading with candlesticks different pattern, step by step detailed guide for candlesticks trading,It's all over now: A Sex Trafficking Victim's True Story,Forex Trading Learning: basic knowledge about trading, Learn and earn, best trading strategies for day traders, scalpers,‡ÆÖ‡Æµ‡Æ≥‡Æ©‡Øç‡Æ±‡Æø‡Æ≤‡Æµ‡Æ©‡Øç: Avalandrilavan 2 (Tamil Edition),Raavan: Enemy of Aryavarta (Ram Chandra Series - Book 3),The Pursuit of Happiness: A Book of Studies and Strowings,2 States: The Story Of My Marriage,The Complete Grimms' Fairy Tales (Deluxe Hardbound Edition),Think & Grow Rich (Telugu),Pranayam Ke Labh (Hindi Edition),A Doll‚Äôs House,LifePass: A Groundbreaking Approach to Goal Setting,Swastik Leather Journal 7x5 inch Handmade Papers Designed for Home Diary Journal Notepad Writing Book with Lock & Key Men and Women Gift,Steps on how to publish using the amazon kdp,100 Coding Challenges for cracking Facebook, Amazon, Google Interview 2.0: Get that Job!!,Mukesh Ambani kee super success story (Hindi Edition),Amazing oral sex: How to give her fantastic orgasms, illustrated,The Wealth of Nations,The Power of Your Subconscious Mind","Paperback,Paperback,Kindle Edition,Kindle Edition,Kindle Edition,Kindle Edition,Kindle Edition,Paperback,Paperback,Paperback,Hardcover,Paperback,Kindle Edition,Paperback,Paperback,Kindle Edition,Kindle Edition,Kindle Edition,Kindle Edition,Paperback,Paperback"
"Dale Carnegie,Wallace D. Wattles, and ,Ph.D. Edited, Modernized, and Updated for the 21st Century by Arthur R. Pell,Amazon Web Services (AWS),, ,Flynn Earl Jones,, et al.,Dr. Joseph Murphy,Anthony Hope,Animesh Dey,Fun Lines,Gilbert Keith Chesterton,Joseph Murphy Dale Carnegie, Napoleon Hill,Harvey  McLellan,Om Books Editorial Team,D. Sivanandhan Radhakrishnan Pillai,John Toriola,John Rossman,Gilbert Keith Chesterton,Robin Sharma,Robert James,tung tung,ANANT PAI,Paulo Coelho,Albert Einstein,Wonder House Books","309,103,0,79,73,.,0,485,315,265,0,143,256,0,0,315,258,0,0,0,253,139,149","How to Win Friends and Influence People (Deluxe Hardbound Edition),The Science of Getting Rich with The Science of Being Great,Cloud Adoption Framework (CAF),Riches Are Your Right,The Anthony Hope Collection,The Beginnings of Sexual Enchantment: How to attract and captivate women,Fun Lines Premium - 64 GSM -240 mm x 180 mm Single Line Ruled Notebook ,160 pages (Pack of 6) - ( 24 x 18 cm ) - Pastel,The Wisdom of Father Brown (Annotated Original Edition),World‚Äôs Best Inspirational Books to Change Your Life (Box Set of 3 Books),Amazon Fire TV Stick 4K: A Complete User Guide to Setup, Operate and Get Your Amazon Fire TV Stick Device Performing Optimally, With Additional Tips to Master Your Device in No Time,Encyclopedia: Space (Space Encyclopedia),Chanakya's 7 Secrets of Leadership,DO YOU MAKE THIS MISTAKES IN AMAZON KDP?: How to make money selling ebooks without writing||Practical step by step guide to making your first $1000 on Amazon KDP and how it has help me.,The Amazon Way: Amazon's 14 Leadership Principles,Heretics Twenty Essays Original(Annotated),Leadership Wisdom,The KDP Course: The Hidden secret on how published book on amazon,Lanta Flat Belly Shake - : Lanta Flat Belly Shake Reviews (USA): Does This Weight Loss Supplement Work for You? Shocking Report,Tinkle Digest 11,Like the Flowing River: Thoughts and Reflections,Relativity: The Special and the General Theory,Illustrated Classics - Around The World In 80 Days: Abridged Novels With Review Questions","Hardcover,Paperback,Audible Audiobook,Paperback,Kindle Edition,Kindle Edition,Kindle Edition,Paperback,Kindle Edition,Paperback,Paperback,Kindle Edition,Kindle Edition,Kindle Edition,Paperback,Kindle Edition,Kindle Edition,Kindle Edition,Paperback,Paperback,Hardcover"
"Mallanaga Vatsyayana,, ,Vipul Jain,, et al.,William Shakespeare,William Shakespeare,Richard McCartney,Gilbert Keith Chesterton,Anna Sewell,H. Rider Haggard,William Shakespeare,Wonder House Books,Nick Afriyie,Curriculum,, ,CFA,, et al.,Wonder House Books, L. Frank Baum ,ANANT PAI,Red Mikhail,Emmelie Proph√®te, and ,Tina Kover,Manny Coats,Sesan Oguntade,Florence Scovel Shinn,Various,Bikram Grewal,, ,Sumit Sen,, et al.","199,129,0,0,315,161,235,531,109,0,3,499,170,313,0,0,0,0,0,314,328,149,1,213","The Illustrated Kama Sutra,The Merchant of Venice,Othello: The Moor of Venice,The Unofficial Author's Guide To Selling Your Book On Amazon: The Top 5 Cheat Sheet for Self Publishing Authors (Self Publishing Disruption 1),The Napoleon of Notting Hill (Annotated Original Edition),Black Beauty : Illustrated abridged Classics (Om Illustrated Classics),benita an african romance illustrated,Greatest Tragedies of Shakespeare (Deluxe Hardbound Edition),Art & Architecture - Ancient and Medieval Art : Knowledge Encyclopedia For Children,Proven Passive Income Strategies: Amazon Publishing: The Secret Of How to Make Money with Amazon in 7 Easy Steps,2022 Study Material Compatible for CFA Level 1 Curriculum Institute Books (Set of 6),The Illustrated Stories Of Tenali Raman: Classic Tales From India,The Wonderful Wizard of Oz by L. Frank Baum (Amazon Classics Annotated Original Edition),TINKLE DIGEST 1,AMAZON FBA Step By Step (2022 Update): A Beginners Guide To Selling On Amazon, Making Money And Finding Products That Turns Into Cash (Fulfillment by Amazon Business Book 1),Blue: A Novel,Selling on Amazon - Amazon Seller Secrets Revealed Volume 1: Getting Started,How to Publish Books on Amazon KDP: Step-by Step Picture Guide on how to write and publish your books on Kindle (Book Publishing and Marketing),The Power of the Spoken Word ""Illustrated Edition"",Swastik Leather Journal Retro Antique Vintage Personal Leather Bound Notebook Diary with Lock & Key for Travel, Writer, Journal - 100 Unruled Handmade Pages, Brown,50 World‚Äôs Greatest Speeches: Collectable Edition,Birds of India - A Pictorial Field Guide","Hardcover,Paperback,Kindle Edition,Kindle Edition,Kindle Edition,Hardcover,Kindle Edition,Hardcover,Paperback,Kindle Edition,Paperback,Hardcover,Kindle Edition,Kindle Edition,Kindle Edition,Kindle Edition,Kindle Edition,Kindle Edition,Kindle Edition,Paperback,Paperback"
"F. Scott Fitzgerald,Srijan Pal Singh,Steven Levy,Keke Palmer, and ,Jasmine Guillory,David Gaughran,Roberta Balloni,, ,operatime,, et al.,E. M. Forster,Payal Maneshwar Gautam,Sibtain Shahidi,, ,Darain Shahidi,, et al.,Varun Duggirala,George Orwell,Danny Caine,Jim Ray Johnson,Laila Ibrahim, and ,Roberta Maresca,Napoleon Hill,Jane Austen,ANANT PAI,Key Points,Ann Patchett,Mark Twain,Yamini Muthanna","149,189,328,447,0,343,.,0,160,51,299,306,.,79,1,073,.,0,0,265,569,0,0,310,.,531,697","The Beautiful and Damned,The Black Tiger,Swastik Leather Journal Retro Antique Vintage Personal Leather Bound Notebook Diary with Lock & Key for Travel, Writer, Journal - 100 Unruled Handmade Pages, Brown,Facebook: The Inside Story,Chelsea's Werk Week (Southern Belle Insults Book 3),Amazon Decoded: A Marketing Guide to the Kindle Store (Let's Get Publishing Book 4),La Gemma Luminosa : novella scaligera (Novella Scaligera- la gemma luminosa),A Passage To India,Winged: The buttetfly,Lahar,Everything Is Out of Syllabus: An Instruction Manual for Life,1984,How to Resist Amazon and Why: The Fight for Local Economics, Data Privacy, Fair Labor, Independent Bookstores, and a People-Powered Future!,eCommerce Workshop (Book Combo): Creating an Online Store Ecommerce Business from Shopify, Amazon Selling, and Amazon Associates Affiliate Program,Il primo fiore di zafferano (Italian Edition),The Law of Success in Sixteen Lessons,Greatest Works Jane Austen (DELUXE HARDBOUND EDITION),Tinkle Digest 15,HOW TO CANCEL AMAZON KIDS SUBSCRIPTION: A simple and easy step to cancel amazon kids plus subscription in 45 Seconds,The Patron Saint of Liars: The Sunday Times best selling author of The Dutch House and Bel Canto, Winner of The Women‚Äôs Prize for Fiction,The Greatest Novels of Mark Twain (Deluxe Hardbound Edition),Yoga Books : Yoga for Children Step by Step","Paperback,Paperback,Paperback,Kindle Edition,Kindle Edition,Kindle Edition,Paperback,Kindle Edition,Paperback,Paperback,Paperback,Kindle Edition,Kindle Edition,Kindle Edition,Paperback,Hardcover,Kindle Edition,Kindle Edition,Kindle Edition,Hardcover,Paperback"
"Arthur Conan Doyle,Leo Tolstoy,Taylor Jenkins Reid,PRADEEP THAKUR,TheDataMonk, and ,The DataMonk,Julian Holland, and ,Times Books,Ajay Kumar Gupta,Sangamithra Amuda,George Orwell,Christopher Byford,Alexandre Dumas,Alex Young,, ,Bradley Meck,, et al.,Baldev Bhatia, and ,BALDEV BHATIA,Saideep Sunkari,, ,Tulasi Krishna Gannavaram V,, et al.,‡¥¨‡¥ø‡¥ú‡¥ø  ‡¥Æ‡¥±‡¥ø‡¥Ø‡¥Ç ‡¥µ‡¥ø‡¥ú‡µÄ‡¥∑‡µç ,Sottojit Dey,Antonis Tsagaris,Alex Wong,Alisa Zay,Gordon Hedley,Margaret Mitchell,Tobias E. Carlisle","132,160,389,0,0,2,405,.,1,595,298,99,0,259,874,0,0,0,0,0,2,024,0,0,459,3,838","The Complete Novels of Sherlock Holmes,The Greatest Short Stories of Leo Tolstoy,Malibu Rising: The Sunday Times Bestseller,WARREN BUFFETT KE SUCCESS SECRETS (Warren Buffett Investment Strategy Book) :Warren Buffett [Entrepreneur, Highly Effective, Motivation, Rich, Success] (Hindi Edition),What do they ask in Top Data Science Interview Part 2: Amazon, Accenture, Sapient, Deloitte, and BookMyShow,The Times Golden Years of Rail Travel,Soaps, Detergents and Disinfectants Technology Handbook (3rd Revised Edition) visit the store page (https://www.amazon.in/npcs),The Search that Seeks You,Animal Farm,Luck and Other Deadly Things: A free miscellany of new bonus content for fans of The Gambler's Den series,The Man In The Iron Mask,Node.js in Action, 2ed,Remedies of Planets: Special Edition (Remedy Planets Book 1),VOICE ASSISTANT ROBOTIC VEHICLE,‡¥í‡¥±‡µç‡¥±‡¥Æ‡µÇ‡¥≤‡¥ø‡¥ï‡µæ ‡¥Ö‡¥•‡¥µ‡¥æ : Single Medicine Therapy (‡¥≠‡¥æ‡¥ó‡¥Ç - 1) (‡¥∏‡µç‡¥™‡µÜ‡¥∑‡µç‡¥Ø‡µΩ) (Malayalam Edition),It's all over now: A Sex Trafficking Victim's True Story,KDP: Zero to Hero: Write, Publish And Promote Your Books In The Kindle Store (Making Passive Income On Amazon Book 2),Amazon Product Listing Hacks: The Complete Guide To Ranking Higher And Getting More Sales: 3 (Amazon Marketing Book),Untitled (fly): English-Russian poetry,Earn Money Outside Your Day Job: Create a Part-Time Income Business via Affiliate Marketing & Amazon Cookbook Publishing,Gone with the Wind,Deep Value: Why Activist Investors and Other Contrarians Battle for Control of Losing Corporations (Wiley Finance)","Paperback,Paperback,Paperback,Kindle Edition,Kindle Edition,Kindle Edition,Paperback,Paperback,Paperback,Kindle Edition,Paperback,Paperback,Kindle Edition,Kindle Edition,Kindle Edition,Kindle Edition,Kindle Edition,Hardcover,Kindle Edition,Kindle Edition,Hardcover,Kindle Edition"
"Emily Bront√´,Robert G. Hagstrom,SANJAY BHOLA DHEER,ANANT PAI,Jennifer Scupi,Nigel A. Morgan,Avinash Malekar,Shirley Wells,Aman A S,Robin Sharma,Mahatama Gandhi,Vibrant Publishers,Biohacked Trader,Gary A. Yukl,Alinka Rutkowska,ANANT PAI,Andrew Kap,ANANT PAI,Rajani Thindiath,Jeffrey Archer,Various,Wonder House Books","379,180,.,149,0,0,287,.,0,300,.,299,251,189,499,0,675,0,0,78,0,0,364,.,449,189","Wuthering Heights (Deluxe Hardbound Edition),The Warren Buffett Way,Amazon Success Story (hindi),Tinkle Digest 30,Answering Behavioral Questions in Amazon Interviews, Second Edition: Advice for Candidates at All Levels,401 Vincy Caribbean Proverbs: Amazing Expressions to Guide You,Internet millionaire: If you want to be someone hanging out on the beaches of the world while your online businesses work for you in the background,Dead Simple (A Dylan Scott Mystery Book 8),THE ONLINE STARTUP How to start a business online leveraging the power of Amazon in 2019: (Sell Private Label Products On Amazon FBA, Make Money while ... and Let the business work for you 24*7),Family Wisdom,The Story of My Experiments With Truth: Mahatma Gandhi, An Autobiography (Telugu),UNIX Shell Programming Interview Questions You'll Most Likely Be Asked (Job Interview Questions),Passive Income: Easy Ecommerce 2-in-1! How to Automate TWO Simple Work from Home Businesses with Shopify and Start Earning Smart Passive Income with No Capital Required.,Leadership in Organizations |Ninth Edition|By Pearson,HOW I SOLD 80,000 BOOKS: Book Marketing for Authors (Self Publishing through Amazon and Other Retailers),Tinkle Digest 49,3 Words I Used To Sell 100,000 Books: A Counterintuitive Strategy For Nonfiction Authors,Tinkle Digest 16,SHIKARI SHAMBU (VOL -5): TINKLE COLLECTION (SHIKARI SHAMBU : TINKLE COLLECTION),Next in Line: The latest book from the Sunday Times bestselling author, the must-read new crime-thriller of 2022 (William Warwick Novels),World's Greatest Short Stories (Deluxe Hardbound Edition),Illustrated Classics - The Adventures of Robin Hood: Abridged Novels With Review Questions (Hardback)","Hardcover,Kindle Edition,Paperback,Kindle Edition,Kindle Edition,Kindle Edition,Kindle Edition,Kindle Edition,Kindle Edition,Paperback,Paperback,Paperback,Kindle Edition,Paperback,Kindle Edition,Kindle Edition,Kindle Edition,Kindle Edition,Kindle Edition,Kindle Edition,Hardcover,Hardcover"
"R. Nageswara Rao, and ,DT Editorial Services,James Garvey, and ,Jeremy Stangroom,Mahesh Dutt Sharma,Kendra Elliot, and ,Roberta Marasco,Biman Basu,Seiryl  Williams ,Devendra Swaroop,Seiryl  Williams ,ANANT PAI,Rajani Thindiath,Arthur Conan Doyle,Rahul Lokurte,Sachin Kumar,Caroline Mitchell,Rajani Thindiath,Ruskin Bond,AWS Whitepapers,Willie M. Scott,Misha Yurchenko,George S. Clason,Arthur Conan Doyle","589,298,19,.,0,377,0,0,0,0,0,419,499,0,0,0,0,231,0,0,0,259,149","Core Java: An Integrated Approach, New: Includes All Versions upto Java 8,The Story of Philosophy: A History of Western Thought,Ghar Baithe Youtube Se Paisa Kamayen aur Ameer Bane : The Ultimate Guide To Maximize Your Income By Youtube (Hindi Edition),Sola (Bone Secrets Vol. 4) (Italian Edition),India's Space Adventure (Let's Find Out),The Worlds First Mass Murder : True crime from Texas,Yah Samvidhan Hamara Ya Angrejon Ka (Hindi),The Boy who killed At 12: The kid killer,Tinkle Digest 26,TINKLE HOLIDAY SPECIAL VOL-42: HOLIDAY SPECIAL,The Complete Novels of Sherlock Holmes (Deluxe Hardbound Edition),Tales from Indian Mythology (Collection of 10 Books): Story Books For Kids,AWS Cloud Development Kit CookBook,HOW TO START AMAZON EBOOK BUSINESS In 2022: The Secret Formula Making Insane Huge Profits Quickly On Amazon : Make A Full-Time Passive Income From AMAZON EBooks Business,The Midnight Man: A gripping new crime series (A Slayton Thriller Book 1),TINKLE HOLIDAY SPECIAL NO. 36,The Writer On The Hill: The Very Best Of Ruskin Bond,AWS Well-Architected Framework (AWS Whitepaper),How To Update Credit Card Information On Amazon: Delete, Add, Or Edit Credit Cards on Your Account In 30 Seconds ‚Äì Step by Step Guide with Screenshots,Cracking the Amazon Interview: A Step by Step Guide to Land the Job,The Richest Man in Babylon (Deluxe Hardbound Edition),The Lost World","Paperback,Paperback,Kindle Edition,Kindle Edition,Paperback,Kindle Edition,Kindle Edition,Kindle Edition,Kindle Edition,Kindle Edition,Hardcover,Paperback,Kindle Edition,Kindle Edition,Kindle Edition,Kindle Edition,Paperback,Kindle Edition,Kindle Edition,Kindle Edition,Hardcover,Paperback"
"Philip A. Fisher, and ,Kenneth L. Fisher,Jack London,ANANT PAI,Ayumi Goto,Ogechi Kalu,Ruskin Bond,Brett Davis,ANANT PAI,John Anderson,Jeff Bezos, and ,Walter Isaacson,Various,Coursetake,Scott Galloway,Charles Derrick,VASTUSHASTRI KHUSHDEEP BANSAL,Kelly Santana-Banks,Aho,ANANT PAI,Dr. Babasaheb Ambedkar,Editorial Team at Bellmont Publishing House,Allen Downey,, ,Jeffrey Elkner,, et al.","371,.,129,0,0,0,231,0,0,0,799,219,169,0,454,0,295,229,630,0,0,499,300","Common Stocks and Uncommon Profits and Other Writings (Wiley Investment Classics),The Call of the Wild,Tinkle Digest 43,Amazon Kindle E_Books cover collection100: 100 cover portfolio and authors (IDEA BOX) (Japanese Edition),The mastery of ebook creation and publishing,The Writer On The Hill: The Very Best Of Ruskin Bond,Costa Rica bro: Perfect waves, babes and pure Columbian cocaine,Tinkle Digest 27,The Effective Ecommerce System: Sell Products Through Amazon FBA & Facebook Shopify,Invent and Wander: The Collected Writings of Jeff Bezos, With an Introduction by Walter Isaacson,Arthashastra,Fingerprint! Publishing 50 Worlds Greatest Horror Stories (Collectable Edition),Amazon Product Manager Interview: A Step by Step Approach to Ace the Product Manager Interview at Amazon,The Four: The Hidden DNA of Amazon, Apple, Facebook and Google,Google Docs Ultimate User's Guide: Beginners Illustrative Guide to Google Docs,Purpose of Life,Book Reviews: Understanding the Psychology Behind Them and How to Get Readers to Leave a Review: (A Perspective from a Former Reviewer),Compilers: Principles Techniques and Tool | Second Edition | By Pearson,Tinkle Digest 14,Pakistan Or The Partition Of India üáÆüá≥: Babasaheb Bhimrao Ambedkar's this book examines all the facets of the Pakistan-question and the 2-nation theory.,Mandala Colouring Books for Adults with Tear Out Sheets | DIY Acitvity Books | Premium Quality - Set of 3 Books,Learning with Python","Kindle Edition,Paperback,Kindle Edition,Kindle Edition,Kindle Edition,Paperback,Kindle Edition,Kindle Edition,Kindle Edition,Hardcover,Paperback,Paperback,Kindle Edition,Paperback,Kindle Edition,Paperback,Kindle Edition,Paperback,Kindle Edition,Kindle Edition,Paperback,Paperback"
"Jane Austen,George Orwell,Charles Derrick,Aho,ANANT PAI,Dr. Babasaheb Ambedkar,Kelly Santana-Banks,Selvasankari.  G Selva,Reeta Pal, and ,Nishant Pal,Dandy Smith,Radhakrishnan Pillai,Patrick M. Lencioni,Rajani Thindiath,Virginia Woolf,ANANT PAI,AWS Whitepapers, and ,Amazon Web Services,Vernon Schmid,ANANT PAI,Prisca James,Let's Crack,Wonder House Books,Ann Handley","103,219,0,630,0,0,229,0,0,0,199,276,.,0,234,0,0,0,0,0,0,189,199","Pride & Prejudice,The Greatest Works of George Orwell,Google Docs Ultimate User's Guide: Beginners Illustrative Guide to Google Docs,Compilers: Principles Techniques and Tool | Second Edition | By Pearson,Tinkle Digest 14,Pakistan Or The Partition Of India üáÆüá≥: Babasaheb Bhimrao Ambedkar's this book examines all the facets of the Pakistan-question and the 2-nation theory.,Book Reviews: Understanding the Psychology Behind Them and How to Get Readers to Leave a Review: (A Perspective from a Former Reviewer),En jeevan neeyadi: ‡Æé‡Æ©‡Øç ‡Æú‡ØÄ‡Æµ‡Æ©‡Øç ‡Æ®‡ØÄ‡ÆØ‡Æü‡Æø (Tamil Edition),Genetics - Introduction to Genetics, Principles of Genetic Transmission, Population Genetics, Mitosis & Meiosis, DNA Structure and Analysis, Linkage & Chromosome Mapping,One Small Mistake: An addictive and heart racing new thriller,Katha Chanakya,The Five Dysfunctions of a Team, Enhanced Edition: A Leadership Fable (J-B Lencioni Series Book 43),SUPPANDI 48 (VOL- 4): SUPERCHARGED WITH FUN & LAUGHTER,To the Lighthouse,Tinkle Digest 22,Amazon VPC Architecture (AWS Quick Start),The American Civil War: Cherokee Mounted Rifles Muster Roll and Commentary,Tinkle Digest 13,The Heals,NCERT EBOOK FOR UPSC ASPIRANTS 2022 - 2023 | CSE EXAM PREPARATION GUIDE: K. MOUNIKA,Illustrated Classics - Journey To The Center Of The Earth: Abridged Novels With Review Questions (Hardback),Everybody Writes: Your Go-To Guide to Creating Ridiculously Good Content","Paperback,Paperback,Kindle Edition,Paperback,Kindle Edition,Kindle Edition,Kindle Edition,Kindle Edition,Kindle Edition,Kindle Edition,Paperback,Kindle Edition,Kindle Edition,Kindle Edition,Kindle Edition,Kindle Edition,Kindle Edition,Kindle Edition,Kindle Edition,Kindle Edition,Hardcover,Kindle Edition"
"Jonah Berger,Mallanaga Vatsyayana,, ,Vipul Jain,, et al.,Claire Kendal,ANANT PAI,Gilbert Keith Chesterton,John McMahon,Cliff Kuang, and ,Robert Fabricant,Seneca,Tanis Gray,Colin Bryar, and ,Bill Carr,Wonder House Books,Mira Kulkarni,ANANT PAI,BENNY MOORE,Michael F.  Jordan,Jeffery Deaver,Craig Macnaughton,Amazon Brand - Solimo,Smt. Renu Saini,Alice  Jackson ,Jane Austen,Roger Fritz, and ,Ph.D. Edited by Arthur R. Pell","849,190,0,0,315,0,392,314,1,355,.,428,149,446,0,0,0,0,0,171,235,.,0,569,138","Contagious: Why Things Catch On,The Illustrated Kama Sutra,The Book of You: Free Sampler,TINKLE DIGEST 7,The Innocence of Father Brown (Annotated Original Edition),E-commerce A Beginners Guide to e-commerce (business, money, passive income, e-commerce for dummies, marketing, amazon Book 1),User Friendly: How the Hidden Rules of Design are Changing the Way We Live, Work & Play,On the Shortness of Life ""Illustrated Edition"",Wanderlust: 46 Modern Knits for Bohemian Style,Working Backwards: Insights, Stories, and Secrets from Inside Amazon,Illustrated Classics - Robinson Crusoe: Abridged Novels with Review Questions,Essentially Mira: The Extraordinary Journey Behind Forest Essentials,Tinkle Digest 32,MACBOOK PRO 2021 USER GUIDE: A Complete Step By Step Manual for Beginners and Seniors to Set up and Effectively Use the New M1 Pro and M1 Max MacBook Pro with macOS Monterey Tips and Tricks,How to Sign up for Prime Memebership with Ease : Step by step guide to help you sign up for Amazon prime free trial and movies/video,Scheme,R is for Rainforests: A Brilliantly Biodiverse Alphabet! (Learning THINGS),Amazon Brand - Solimo Colouring Bag for Boys,Super Success Habits (Hindi Edition),How To FIX OBESITY: Amazing Facts About The Root Causes, Long-Term Lifestyle, Diet, Exercise, Treatment And Control Of This Epidemic.,Greatest Works Jane Austen (DELUXE HARDBOUND EDITION),The Power of A Positive Attitude: Your Road To Success","Paperback,Hardcover,Kindle Edition,Kindle Edition,Kindle Edition,Kindle Edition,Paperback,Kindle Edition,Paperback,Paperback,Hardcover,Hardcover,Kindle Edition,Kindle Edition,Kindle Edition,Kindle Edition,Kindle Edition,Paperback,Kindle Edition,Kindle Edition,Hardcover,Paperback"
"E. M. Forster,Kogent Learning Solutions Inc.,ANANT PAI,Jane Austen, and ,Jacqui Oakley,Chimamanda Ngozi Adichie,Hanadi Falki,Alyssa Becker,Reeta Pal, and ,Nishant Pal,Tanis Gray,Seiryl  Williams ,Thomas J. Stanley Ph.D.,, ,William D. Danko Ph.D,, et al.,Various,Joanna Cannon,MAXWELL HARRIS,Tony Simmons,Jennifer Scupi,Prisca James,C. Precy,Koren Zailckas,Paul Finch,Mary Shelley,Institute of Directors India","160,675,0,0,0,0,86,.,0,1,355,.,0,225,189,0,0,0,0,0,0,0,0,179,7,000","A Passage To India,Web Technologies: HTML, JAVASCRIPT, PHP, JAVA, JSP, ASP.NET, XML and Ajax, Black Book,Tinkle Digest 32,The Complete Novels of Jane Austen: Emma, Pride and Prejudice, Sense and Sensibility, Northanger Abbey, Mansfield Park, Persuasion, and Lady Susan (The Heirloom Collection),Zikora: A Short Story,FIELD MARSHAL SAM MANEKSHAW,Loving Disaster (Italian Edition),Farming System ‚Äì Approach, Modern Concepts in Agriculture, Farming Systems Components and Crop Production,Wanderlust: 46 Modern Knits for Bohemian Style,Stay Remembered : A Romance Novel,The Millionaire Next Door: The Surprising Secrets of America's Wealthy, 20th Anniversary Edition,100 World‚Äôs Greatest Love Letters: Collectable Edition,Three Things I‚Äôd Tell My Younger Self (E-Story),Amazon Web Services (AWS) 2022: Everything You Need To Know About The Amazon Web Service From Start To End,THE ECOMMMERCE PROJECT: Start a New E-Commerce Business Even Without Your Own Inventory and Without Shipping the Product Yourself‚Ä¶. FREECOMMERCE & GIFT JACKING bundle,Answering Behavioral Questions in Amazon Interviews: Advice for Candidates at All Levels,The Heals,THE KILLER NEXTDOOR,Mother, Mother: Free Sampler,Death‚Äôs Door: A gripping, free short story for crime thriller fans from the Sunday Times bestseller,Frankenstein for Kids : illustrated Abridged Children Classics English Novel with Review Questions,13 IOD's Handbooks of a Set: Corporate Leadership | The Board | Independent Directors | Governance | Social Responsibility | Risk Management | Ethics | Emotional Intelligence | Internal Audit | Cyber Security","Paperback,Paperback,Kindle Edition,Kindle Edition,Kindle Edition,Kindle Edition,Kindle Edition,Kindle Edition,Paperback,Kindle Edition,Paperback,Paperback,Kindle Edition,Kindle Edition,Kindle Edition,Kindle Edition,Kindle Edition,Kindle Edition,Kindle Edition,Kindle Edition,Hardcover,Paperback"
"A.P.J. Abdul Kalam,Solomon Northup,ANANT PAI,Gilbert Keith Chesterton,Vladimir Nabokov,James Moore,Henry Bailey,ANANT PAI,Richard Derry,Jules Verne,Anne Frank,Various,Scott Voelker,Sir Arthur Conan Doyle,Joanna Cannon,Chimamanda Ngozi Adichie,Lesley  Rios,ANANT PAI,Tamara Monosoff,Sudhir Sevekar,Arundhati Bhattacharya,Zondervan Publishing House","174,103,0,315,0,0,0,0,0,315,149,269,0,0,0,0,449,0,0,0,499,2,119","Turning Points : A Journey Through Challenges,12 Years A Slave: A True Story,TINKLE DOUBLE DIGEST 6,St. Francis of Assisi (Annotaed Edition),Lolita: Vladimir Nabokov's Novel (Russian-American Novelist) (Revised),Passive Income: Beginners Guide to Passive Income Streams to Gain Financial Freedom,Amazon Interview Questions: A Step By Step Guide to Successfully Respond to All the Amazon Interview Questions and Land the Job! With 101 Popular Amazon Leadership Principles Interview Questions,TINKLE DIGEST 3,AWS: AMAZON WEB SERVICES: The Complete Guide From Beginners For Amazon Web Services,Journey to the Center of the Earth (Annotated Edition),The Diary of a Young Girl (Telugu),50 World‚Äôs Greatest Essays,Amazon Selling Blueprint - How to Find and Launch Your First Private-Label Product on Amazon in 90 Days or Less,Sherlock Holmes Ki Lokpriya Kahaniyan (Hindi),Three Things I‚Äôd Tell My Younger Self (E-Story),Zikora: A Short Story,Once I had a dog,TINKLE DIGEST 6,The Author to Income Formula: How to Turn Your Book into a Money-Making Empire (The Author-to-Income Formula 1),Jagprasidha Companyanchya Yashogatha: Success Story : Toyota, Google, Amazon, Facebook, Walmart, IBM, Infosys, Tata, Ford, Coca Cola, Reliance, Macdonald, ... Sony, Samsung, Mahindra (Marathi Edition),INDOMITABLE: A Working Woman's Notes on Work, Life and Leadership,Amplified Holy Bible, Large Print, Hardcover: Captures the Full Meaning Behind the Original Greek and Hebrew","Paperback,Paperback,Kindle Edition,Kindle Edition,Kindle Edition,Kindle Edition,Kindle Edition,Kindle Edition,Kindle Edition,Kindle Edition,Paperback,Paperback,Kindle Edition,Kindle Edition,Kindle Edition,Kindle Edition,Kindle Edition,Kindle Edition,Kindle Edition,Kindle Edition,Hardcover,Hardcover"
"Napoleon Hill,Napoleon Hill,Edgar Rice Burroughs,ANANT PAI,Tamara Monosoff,Sudhir Sevekar,RASHMEET KAUR,Editora Leitura Top 10,Brad Schepp, and ,Debra Schepp,ANANT PAI,BPP Learning Media,H. Rider Haggard,Alyssa Becker,JOSEPH MURPHY,Jennifer Scupi,Elliott Dian,Hanadi Falki,Alyssa Becker,ANANT PAI,Carl Santorini,Little House,Satyajit Ray","126,110,236,0,0,0,0,0,1,872,0,3,950,149,86,.,222,0,0,0,86,.,0,0,399,248","Think and Grow Rich,Think & Grow Rich: THE 21st CENTURY EDITION,The Gods of Mars Illustrated,TINKLE DIGEST 6,The Author to Income Formula: How to Turn Your Book into a Money-Making Empire (The Author-to-Income Formula 1),Jagprasidha Companyanchya Yashogatha: Success Story : Toyota, Google, Amazon, Facebook, Walmart, IBM, Infosys, Tata, Ford, Coca Cola, Reliance, Macdonald, ... Sony, Samsung, Mahindra (Marathi Edition),SPOKEN ENGLISH DIGEST (Spoken English & Grammar) (Hindi Edition),Encontrando Sua Verdadeira Paix√£o: Encontre sua verdadeira paix√£o e seja mais feliz (Portuguese Edition),Amazon Top Seller Secrets: Inside Tips From Amazon's Most Successful Sellers: Insider Tips from Amazon's Most Successful Sellers,Tinkle Digest 41,ACCA Financial Reporting: Workbook,King Solomon's Mines for Kids : illustrated Abridged Children Classics English Novel with Review Questions,Princess (Italian Edition),How to Use The Laws of Mind,Answering Behavioral Questions in Amazon Interviews: Advice for Candidates at All Levels,How to start your own business: Simply start by Selling on Amazon FBA. Win the market, grow your business and have financial freedom,FIELD MARSHAL SAM MANEKSHAW,Only You (Italian Edition),Tinkle Digest 38,Product Selling Masterclass: Make Money by Starting Your Own Online Business via Fulfillment by Amazon, Instant Youtube Cash & Supplement Selling (3 in 1),1008 Activity Book for Kids Ages 4-8: Over 1008 Fun Activities Workbook Game For Everyday Learning, Dot to Dot, Colouring, Mazes, Puzzles, Word Searches and More!,Deep Focus: Reflections on Cinema","Paperback,Paperback,Kindle Edition,Kindle Edition,Kindle Edition,Kindle Edition,Kindle Edition,Kindle Edition,Paperback,Kindle Edition,Paperback,Hardcover,Kindle Edition,Paperback,Kindle Edition,Kindle Edition,Kindle Edition,Kindle Edition,Kindle Edition,Kindle Edition,Paperback,Paperback"
"Radhakrishnan Pillai,Marcus Aurelius,Margaret Atwood,Laxmi Nagar,Tony Strait,Sandra Owens, and ,Anja Mehrmann,Pramod K Chaudhari,Mahesh Dutt Sharma,ANANT PAI,ANANT PAI,Dr. Vinod K. Singhania, and ,Dr. Monica Singhania,MALLANAGA VATSYAYANA,Pradeep Thakur,Tech24 Now,Cade Metz,ANANT PAI,ANANT PAI,Cameron Clarke,ANANT PAI,SWETT MARDEN,Tripp Mickle,Wonder House Books","199,139,0,0,0,0,0,0,0,0,750,295,57,.,0,396,0,0,0,0,103,.,382,189","Thus Spoke Chanakya,Meditations,My Evil Mother: A Short Story,AFFILIATE MARKETING DWARA PAISA KAMANA HAI ASSAN - HINDI: Tips: Easy to Earn Money Through Affiliate Marketing (Hindi Edition),How To Publish a Book on Amazon Kindle Store,Verr√ºckt nach ihr (German Edition),Mastering English (Spoken English & Grammar),50 Safaltam Vyaktiyon Ke Success Secrets (Hindi Edition),TINKLE DIGEST 9,Tinkle Digest 31,Taxmann's Students' Guide to Income Tax-University Edition-Amended up to July 20, 2020 (63rd Edition August 2020) [Paperback] Dr. Vinod K. Singhania and Dr. Monica Singhania,VATSYAYANA'S KAMA SUTRA,BILL GATES KI SUCCESS GATHA (Hindi Edition),How To Sell eBook On Amazon - Way To Unlock Passive Income,Genius Makers: The Mavericks Who Brought A.I. to Google, Facebook, and the World,Tinkle Digest 46,Tinkle Digest 34,Amazon Alexa: 2018 Ultimate User Guide For Alexa,TINKLE DIGEST 5,Swett Marden Motivational Books (Set of 5 Books) [Aage Badne ki Kala + Apna Bhagya Swayam Badle + Safalta Ki Sidiyan + Swett Marden Ke Prerak Vichar + Unnati Ki Raahein] (Hindi Edition),After Steve : How Apple became a Trillion-Dollar Company and Lost Its Soul,Illustrated Classics - A Christmas Carol: Abridged Novels With Review Questions (Hardback)","Paperback,Paperback,Kindle Edition,Kindle Edition,Kindle Edition,Kindle Edition,Kindle Edition,Kindle Edition,Kindle Edition,Kindle Edition,Paperback,Paperback,Kindle Edition,Kindle Edition,Paperback,Kindle Edition,Kindle Edition,Kindle Edition,Kindle Edition,Kindle Edition,Paperback,Hardcover"
"Robin Sharma,Various,Cephas Tinuoye,Herge,Dean Hale,, ,Shannon Hale,, et al.,Jane Austen, and ,Jacqui Oakley,Barbara Taylor Bradford, and ,Eleanor Mills,OCHEI INNOCENT,ANANT PAI,Mindy Kaling,Dale Carnegie,Jane Austen,Aman A S,Kevin Kosbab,Lauren Wilkinson,, ,Alejandro Ruiz,, et al.,Faith Olayiwola,Mamta Jha,Rajani Thindiath,ANANT PAI,NDUKWE JAMES,Mark Twain,Charles Dickens","227,531,0,374,0,0,0,0,0,190,149,0,2,157,.,0,0,0,0,0,0,149,279","The 5 AM Club: Own Your Morning, Elevate Your Life,World's Greatest Speeches (Deluxe Edition),The Basics of eBook Creation. : Practical ways in publishing on Amazon.,Tintin in Tibet,DC Graphic Novels for Kids Sneak Peeks: Diana: Princess of the Amazons (2020-) #1,The Complete Novels of Jane Austen: Emma, Pride and Prejudice, Sense and Sensibility, Northanger Abbey, Mansfield Park, Persuasion, and Lady Susan (The Heirloom Collection),Winners and Finalists of The Write Stuff Short Story Competition 2017,AFTER AUTHORING 500 BOOKS ON AMAZON : FORTY MOST IMPORTANT LESSONS I HAVE LEARNT,Tinkle Digest 28,Please Like Me (But Keep Away) (Nothing Like I Imagined),How to Win Friends and Influence People,Northanger Abbey,Profitable Products: How to find, choose and evaluate best private label products to sell on Amazon FBA,The Quilter's Appliqu√© Workshop: Timeless Techniques for Modern Designs,A Scandal in Brooklyn: A Short Story,100 Words of The Wealthy,Chanakya Ke Management Sootra (Hindi),TINKLE HOLIDAY SPECIAL VOL- 38,Tinkle Digest 23,THE ANTI SCAM MANUAL: SECRETS OF THE AFRICAN SCAMMER REVEALED,The Prince and the Pauper for Kids : illustrated Abridged Children Classics English Novel with Review Questions,Bleak House","Paperback,Hardcover,Kindle Edition,Paperback,Kindle Edition,Kindle Edition,Kindle Edition,Kindle Edition,Kindle Edition,Kindle Edition,Paperback,Paperback,Kindle Edition,Paperback,Audible Audiobook,Kindle Edition,Kindle Edition,Kindle Edition,Kindle Edition,Kindle Edition,Hardcover,Paperback"
"Robin Sharma,Stephen Hawking,ANANT PAI,Various,Henrik Ibsen,Michael J. Jung,Charlotte Bronte,Various","243,139,0,459,129,207,149,219","The 5 AM Club (Telugu),The Theory of Everything: The Origin and Fate of the Universe,TINKLE DOUBLE DIGEST 7,Top 50 World‚Äôs Greatest Short Stories, Speeches, Letters & Poems, COLLECTABLE EDITION (Box Set of 4 Books),A Doll‚Äôs House,How to Find Profitable Books to Sell on Amazon: 7 Ways to Buy Books Low at Thrift Stores and Garage Sales and Sell High Online (Sell Books Fast Online Book 4),Jane Eyre for Kids : illustrated Abridged Children Classics English Novel with Review Questions,Greatest Short Stories For Children","Paperback,Paperback,Kindle Edition,Paperback,Paperback,Kindle Edition,Hardcover,Paperback"
"Grant Cardone,Anne Frank,Abhinav Chandrachud,Gita Piramal,Aristotle, and ,EduGorilla Community Pvt. Ltd.,Morgan Housel","132,.,100,510,500,103,270","The 10X Rule: The Only Difference Between Success and Failure,The Diary of a Young Girl,Soli Sorabji: Life and Times: An Authorized Biography,Rahul Bajaj: An Extraordinary Life | Official Biography of the chairman of Bajaj Group,The Politics: Aristotle's philosophy on ""Man"" as a ""political animal"",The Psychology of Money","Kindle Edition,Paperback,Hardcover,Hardcover,Paperback,Paperback"
