author,price,rating,title,typee
"Curriculum,, ,CFA,, et al.,Abhinav Chandrachud,Arun Tiwari, and ,A. P. J. Abdul Kalam,Various,Walter Isaacson,Paulo Coelho,Brad Stone,Mahatma Gandhi,Joseph Murphy,Robin Sharma,Brett N. Steenbarger,Charlotte Brontë,James Clear,Anne Frank,Napoleon Hill,Stephen Hawking,Anita Nipane,Robin Sharma,Brad Stone,Steve Anderson,George S. Clason,Discover Planet Editorial Team","3,499,619,252,331,409,227,448,189,149,170,353,.,449,520,100,99,139,0,206,439,304,269,195",,"2022 Study Material Compatible for CFA Level 1 Curriculum Institute Books (Set of 6),Soli Sorabji: Life and Times: An Authorized Biography,Wings of Fire: An Autobiography of Abdul Kalam,World’s Greatest Books For Personal Growth & Wealth (Set of 4 Books) (Hindi),Steve Jobs: The Exclusive Biography,The Alchemist,The Everything Store: Jeff Bezos and the Age of Amazon,Mahatma Gandhi Autobiography: The Story Of My Experiments With Truth,The Power of Your Subconscious Mind,Who Will Cry When You Die?,Trading Psychology 2.0: From Best Practices to Best Processes (Wiley Trading),Jane Eyre (Deluxe Hardbound Edition),Atomic Habits: The life-changing million copy bestseller,The Diary of a Young Girl,Think & Grow Rich,The Theory of Everything: The Origin and Fate of the Universe,5 Secret Strategies of Kindle Publishing: Earn Passive Income with Non-fiction Books (Sell Books on Amazon Book 1),The Monk Who Sold His Ferrari,Amazon Unbound,Success Secrets of Amazon,The Richest Man in Babylon (Deluxe Hardbound Edition),India Tourist Road Atlas (Hindi) - Approved by Survey of India & Ministry of Defence","Paperback,Hardcover,Paperback,Paperback,Paperback,Paperback,Paperback,Paperback,Paperback,Paperback,Kindle Edition,Hardcover,Paperback,Paperback,Paperback,Paperback,Kindle Edition,Paperback,Paperback,Paperback,Hardcover,Paperback"
"Dr. Joseph Murphy,Michael Burchell, and ,Jennifer Robin,Dubl B Marketing,Dale Carnegie,, ,Napoleon Hill,, et al.,Brad Stone, and ,Sudhir Dixit,Jason  Sharon  ,Robin Sharma,Dr Mukul Abasaheb Burghate,, ,Dr. Indu  Mazumdar,, et al.,B.K. Chaturvedi,Dale Carnegie,Lori Gottlieb,Michael Batnick,Mahatma Ramratna Thapaliyal Translated from the Original Hindi by Rupa Srikumar and A. K. Srikumar,Mike Ryan, and ,Federico Lucifredi,Jane Austen F. Scott Fitzgerald, Oscar Wilde, Emily Brontë,James  Allen,Wonder House Books,Rajani Thindiath,Florence Michael,ANANT PAI,Dr. Joseph Murphy,Jack D. Schwager","195,323,.,0,299,324,0,227,0,114,360,378,1,581,169,902,.,379,19,.,272,0,449,0,299,494",,"The Power of Your Subconscious Mind,The Great Workplace: How to Build It, How to Keep It, and Why It Matters,How to make money online with the Amazon kindle store: Let Amazon do the online marketing and you collect the check!,World’s Greatest Books For Personal Growth & Wealth (Set of 4 Books): Perfect Motivational Gift Set,The Everything Store: Jeff Bezos aur Amazon ka Yug,The Mind-Blowing Guide To Sell On Amazon : A Detailed Step-By-Step To Sell On Amazon And Make Profits With Self-Publishing Guidebook | Secrets To Earn From Zero To Millions Without Advert At Home,The 5 AM Club: Own Your Morning, Elevate Your Life,‘A Handbook on Teaching & Research Aptitude (General Paper -I of UGC-NET & PET Exams): A Crash Course for all Aspiring Students’ : (For All 101 Subjects),Chanakya Neeti with Sutras of Chanakya Included,The Best of Dale Carnegie (Set of 5 Books),Maybe You Should Talk To Someone,Big Mistakes: The Best Investors and Their Worst Investments (Bloomberg),Vishwadarshan, A Glimpse of the Universe,AWS System Administration: Best Practices for Sysadmins in the Amazon Cloud,World’s Greatest Classics (Box Set of 4 Books),As A Man Thinketh: ‘As A Man Thinketh’ is an Ideal Read for all Those Who Find Peace, Solace and Motivation in Inspirational Books,Peppa Pig - Peppa Loves Muddy Puddles : Fun Learning Set (with Wipe and Clean Mats, Coloring Sheets, Stickers, Appreciation Certificate and Pen),SUPPANDI (VOL 2) : TINKLE COLLECTION (SUPPANDI : TINKLE COLLECTION),Stepping into Light: Smart Guide to Amazon Book Publishing.,TINKLE DOUBLE DIGEST 8,The Power of Your Subconcious Mind (Exclusive Hardbound Edition),Getting Started in Technical Analysis (Getting Started In... Book 19)","Paperback,Kindle Edition,Kindle Edition,Paperback,Paperback,Kindle Edition,Paperback,Kindle Edition,Paperback,Paperback,Paperback,Kindle Edition,Paperback,Kindle Edition,Paperback,Kindle Edition,Loose Leaf,Kindle Edition,Kindle Edition,Kindle Edition,Hardcover,Kindle Edition"
"Philip A. Fisher, and ,Kenneth L. Fisher,Sigmund Freud,Lilly Singh,Amazon Builders' Library,Robert J. Ryan,EduGorilla Prep Experts,ANANT PAI,Wonder House Books,Dale Carnegie,Paul Gutiérrez Covey,Gita Piramal,Mallanaga Vatsyayana,, ,Vipul Jain,, et al.,Roger Fritz, and ,Ph.D. Edited by Arthur R. Pell,George Matthew Adams,Michael  Jordan ,Ajay K Pandey,Amazon Web Services (AWS),, ,Flynn Earl Jones,, et al.,ബിജി  മറിയം വിജീഷ്,Ajay Kumar Gupta,ANANT PAI,Wonder House Books,Wonder House Books","371,.,295,437,0,0,599,0,151,113,0,501,199,133,99,0,99,.,0,0,1,595,0,179,199",,"Common Stocks and Uncommon Profits and Other Writings (Wiley Investment Classics),Sigmund Freud : The Interpretation of Dreams,Be a Triangle: How I Went from Being Lost to Getting My Life into Shape,Workload Isolation Using Shuffle-Sharding,Sales Copy Unleashed: Advanced Publishing and Marketing Strategies for Indie Authors (Self-publishing Guide Book 4),Banking Prelims 2022 Combo Set | 2000+ Solved Topic-wise Questions for IBPS/SBI/RBI Bank Clerk/ PO & Others Bank Exam,TINKLE DOUBLE DIGEST 8,The Illustrated Stories Of Akbar and Birbal: Classic Tales From India,How To Win Friends & Influence People, International Bestseller,Self-Publishing on KDP: A Step-by-Step Guide to using the Kindle Direct Publishing Website (The Amazon How-To Series),Rahul Bajaj: An Extraordinary Life | Official Biography of the chairman of Bajaj Group,The Illustrated Kama Sutra,The Power of A Positive Attitude: Your Road To Success,You Can,Create Seller Account On Amazon Now: How to start selling on Amazon FBA in 5 minutes,The Girl In The Red Lipstick,Cloud Adoption Framework (CAF),ഒറ്റമൂലികൾ അഥവാ: Single Medicine Therapy (ഭാഗം - 3) (സ്പെഷ്യൽ) (Malayalam Edition),Soaps, Detergents and Disinfectants Technology Handbook (3rd Revised Edition) visit the store page (https://www.amazon.in/npcs),TINKLE DIGEST 10,Illustrated Classics - Around The World In 80 Days: Abridged Novels With Review Questions,Illustrated Classics - The Adventures of Robin Hood: Abridged Novels With Review Questions (Hardback)","Kindle Edition,Paperback,Hardcover,Kindle Edition,Kindle Edition,Product Bundle,Kindle Edition,Hardcover,Paperback,Kindle Edition,Hardcover,Hardcover,Paperback,Paperback,Kindle Edition,Paperback,Audible Audiobook,Kindle Edition,Paperback,Kindle Edition,Hardcover,Hardcover"
"Pankaj Goyal,Editorial Team at Bellmont Publishing House,Ajay Kumar Gupta,ANANT PAI,ANANT PAI,Rudyard Kipling, and ,Christian Boer,Dr. Joseph Murphy,Paulo Coelho,Nick Afriyie,William Shakespeare,Conan Doyle,Swati Gautam,Frances Hodgson Burnett,Adeniran Comfort,திவ்யஸ்ரீ DhivyaSree,Amit Dey,Shwetabh Gangwar,Becca Day,Jane Austen F. Scott Fitzgerald, Oscar Wilde, Emily Brontë,Mahatama Gandhi","189,499,1,595,0,0,49,872,103,217,0,531,999,61,.,139,0,0,0,299,0,970,379,199",,"Before You Start Up: How to Prepare to Make Your Startup Dream a Reality,Mandala Colouring Books for Adults with Tear Out Sheets | DIY Acitvity Books | Premium Quality - Set of 3 Books,Soaps, Detergents and Disinfectants Technology Handbook (3rd Revised Edition) visit the store page (https://www.amazon.in/npcs),TINKLE DIGEST 10,TINKLE DIGEST 4,The Jungle Book - Illustrated Font by Dyslexie: Dyslexie - A Dyslexia Friendly Font (Dyslexie Classics 1),Elon Musk + The Everything Store: Jeff Bezos and the Age of Amazon,Great Truths That Set Us Free,The Fifth Mountain,Proven Passive Income Strategies: Amazon Publishing: The Secret Of How to Make Money with Amazon in 7 Easy Steps,Greatest Tragedies of Shakespeare (Deluxe Hardbound Edition),Sherlock Holmes Series Complete Collection 7 Books Set by Arthur Conan Doyle,Bob Proctor ke Success PRINCIPLES (Hindi Edition),The Secret Garden,Steps on how to publish using the amazon kdp,அவளன்றிலவன்: Avalandrilavan 2 (Tamil Edition),Amazing oral sex: How to give her fantastic orgasms, illustrated,The Rudest Book Ever,The Girl Beyond the Gate: An absolutely unputdownable and gripping psychological thriller,The Everything Store + The Four: The Hidden DNA of Amazon, Apple, Facebook and Google,World’s Greatest Classics (Box Set of 4 Books),The Story of My Experiments With Truth: Mahatma Gandhi, An Autobiography (Telugu)","Paperback,Paperback,Paperback,Kindle Edition,Kindle Edition,Kindle Edition,Product Bundle,Paperback,Paperback,Kindle Edition,Hardcover,Paperback,Kindle Edition,Paperback,Kindle Edition,Kindle Edition,Kindle Edition,Paperback,Kindle Edition,Product Bundle,Paperback,Paperback"
"Leo Tolstoy,Wonder House Books,Polina Dashkova, and ,Marian Schwartz,Aarambh Anth, and ,Rhitika B,Daniel G.  Brinton,Mahesh Dutt Sharma,Animesh Dey,Faith Martin,Marvin Karlins Joe Navarro,Jacob Grimm & Wilhelm Grimm,MALLANAGA VATSYAYANA,Chetan Bhagat,Amish,John Toriola,Ashish kumar,Dr. Joseph Murphy,M  Zahid ,Chandler Baker,Henrik Ibsen,Various,Various","169,179,0,0,109,51,.,0,335,254,.,372,531,295,166,399,0,51,.,79,0,0,139,449,169",,"The Greatest Short Stories of Leo Tolstoy,Illustrated Classics - Robinson Crusoe: Abridged Novels with Review Questions,Madness Treads Lightly,CONUNDRUM OF LIFE: A glimpse of life put together in poems,The Pursuit of Happiness: A Book of Studies and Strowings,Pranayam Ke Labh (Hindi Edition),The Beginnings of Sexual Enchantment: How to attract and captivate women,Swastik Leather Journal 7x5 inch Handmade Papers Designed for Home Diary Journal Notepad Writing Book with Lock & Key Men and Women Gift,A Fatal Truth: The perfect cozy mystery novel for all crime thriller fans (Ryder and Loveday, Book 5),What Every Body is Saying : An Ex-FBI Agent's Guide to Speed-Reading People,The Complete Grimms' Fairy Tales (Deluxe Hardbound Edition),VATSYAYANA'S KAMA SUTRA,2 States: The Story Of My Marriage,Raavan: Enemy of Aryavarta (Ram Chandra Series - Book 3),DO YOU MAKE THIS MISTAKES IN AMAZON KDP?: How to make money selling ebooks without writing||Practical step by step guide to making your first $1000 on Amazon KDP and how it has help me.,Mukesh Ambani kee super success story (Hindi Edition),Riches Are Your Right,A Complete Guide to Japanese Candlesticks: Earn Money by trading with candlesticks different pattern, step by step detailed guide for candlesticks trading,Oh. What. Fun.,A Doll’s House,World's Greatest Short Stories (Deluxe Hardbound Edition),Fingerprint! Publishing 50 Worlds Greatest Horror Stories (Collectable Edition)","Paperback,Hardcover,Kindle Edition,Kindle Edition,Paperback,Kindle Edition,Kindle Edition,Kindle Edition,Paperback,Hardcover,Paperback,Paperback,Paperback,Kindle Edition,Kindle Edition,Paperback,Kindle Edition,Kindle Edition,Paperback,Hardcover,Paperback"
"Dan Sullivan,Srijan Pal Singh,Joseph Murphy Dale Carnegie, Napoleon Hill,Margaret Atwood,Robert James,Payal Kadakia,Anthony Hope,Seiryl  Williams ,Dandy Smith,Harvey  McLellan,Emily Brontë,Mallanaga Vatsyayana,, ,Vipul Jain,, et al.,Emmelie Prophète, and ,Tina Kover,Anna Sewell,ANANT PAI,tung tung,Thomas Paine,Jeff Bezos, and ,Walter Isaacson,Robin Sharma,Jane Austen,Various,H. Rider Haggard","1,199,190,279,0,0,442,73,.,0,0,0,379,190,0,162,0,0,394,799,258,569,199,179",,"Who Not How: The Formula to Achieve Bigger Goals Through Accelerating Teamwork,The Black Tiger,World’s Best Inspirational Books to Change Your Life (Box Set of 3 Books),My Evil Mother: A Short Story,The KDP Course: The Hidden secret on how published book on amazon,LifePass: A Groundbreaking Approach to Goal Setting,The Anthony Hope Collection,The Worlds First Mass Murder : True crime from Texas,One Small Mistake: An addictive and heart racing new thriller,Amazon Fire TV Stick 4K: A Complete User Guide to Setup, Operate and Get Your Amazon Fire TV Stick Device Performing Optimally, With Additional Tips to Master Your Device in No Time,Wuthering Heights (Deluxe Hardbound Edition),The Illustrated Kama Sutra,Blue: A Novel,Black Beauty : Illustrated abridged Classics (Om Illustrated Classics),Tinkle Digest 11,Lanta Flat Belly Shake - : Lanta Flat Belly Shake Reviews (USA): Does This Weight Loss Supplement Work for You? Shocking Report,The Age of Reason Original Edition(Annotated),Invent and Wander: The Collected Writings of Jeff Bezos, With an Introduction by Walter Isaacson,Leadership Wisdom,Greatest Works Jane Austen (DELUXE HARDBOUND EDITION),100 World’s Greatest Love Letters: Collectable Edition,King Solomon's Mines for Kids : illustrated Abridged Children Classics English Novel with Review Questions","Hardcover,Paperback,Paperback,Kindle Edition,Kindle Edition,Paperback,Kindle Edition,Kindle Edition,Kindle Edition,Kindle Edition,Hardcover,Hardcover,Kindle Edition,Hardcover,Kindle Edition,Kindle Edition,Kindle Edition,Hardcover,Paperback,Hardcover,Paperback,Hardcover"
"M J DeMarco,Henrik Ibsen,Akshay Ravindran,John Rossman,Lev Nikolayevich Tolstoy,ANANT PAI,Wonder House Books,Fun Lines,Richard McCartney,PRADEEP THAKUR,Institute of Directors India,Various,Geerhardus Vos,E. M. Forster,Manny Coats,Neil Asher, L. Frank Baum ,Paulo Coelho,Thomas Paine,Neelam Kumar,Mary Shelley","373,139,0,0,234,0,109,485,0,0,350,459,236,160,0,0,313,254,394,533,.,228,179",,"The Millionaire Fastlane: Crack the Code to Wealth and Live Rich for a Lifetime,A Doll’s House,100 Coding Challenges for cracking Facebook, Amazon, Google Interview 2.0: Get that Job!!,The Amazon Way: Amazon's 14 Leadership Principles,The Imp and the Crust,Tinkle Digest 49,Art & Architecture - Ancient and Medieval Art : Knowledge Encyclopedia For Children,Fun Lines Premium - 64 GSM -240 mm x 180 mm Single Line Ruled Notebook ,160 pages (Pack of 6) - ( 24 x 18 cm ) - Pastel,The Unofficial Author's Guide To Selling Your Book On Amazon: The Top 5 Cheat Sheet for Self Publishing Authors (Self Publishing Disruption 1),WARREN BUFFETT KE SUCCESS SECRETS (Warren Buffett Investment Strategy Book) :Warren Buffett [Entrepreneur, Highly Effective, Motivation, Rich, Success] (Hindi Edition),A Handbook on STRATEGY THROUGH BALANCED SCORECARD & Get a Complimentary Director Today Monthly Edition,Top 50 World’s Greatest Short Stories, Speeches, Letters & Poems, COLLECTABLE EDITION (Box Set of 4 Books),Grace and Glory Illustrated,A Passage To India,Selling on Amazon - Amazon Seller Secrets Revealed Volume 1: Getting Started,How to Have a Wildly Successful Online Business on Amazon FBA in India,The Wonderful Wizard of Oz by L. Frank Baum (Amazon Classics Annotated Original Edition),Like the Flowing River: Thoughts and Reflections,Common Sense Original Edition-Thomas Paine(Annotated),Amazon Brand - Eono New year Diary 2022 New year Leather Diary With lock 24 cm x 18 cm x 3 cm,I Am Invincible, Thirteen True Tales of Courage, Grit, & Survival,Frankenstein for Kids : illustrated Abridged Children Classics English Novel with Review Questions","Paperback,Paperback,Kindle Edition,Kindle Edition,Kindle Edition,Kindle Edition,Paperback,Kindle Edition,Kindle Edition,Paperback,Paperback,Kindle Edition,Paperback,Kindle Edition,Kindle Edition,Kindle Edition,Paperback,Kindle Edition,Paperback,Hardcover"
"Arthur Conan Doyle,Jonah Berger,FRIEDRICH NIETZSCHE ,VASTUSHASTRI KHUSHDEEP BANSAL, L. Frank Baum ,Paulo Coelho,Florence Scovel Shinn,Steven Levy,Charles Dickens,Wonder House Books,Abhaidev,David Gaughran,Roberta Balloni,, ,operatime,, et al.,Payal Maneshwar Gautam,Gary A. Yukl,Devendra Swaroop,Sibtain Shahidi,, ,Darain Shahidi,, et al.,Danny Caine,Christopher Byford,Mira Kulkarni,Satyajit Ray","179,849,100,295,313,254,313,533,.,442,0,199,0,343,.,0,51,675,0,299,1,073,.,0,536,249",,"The Lost World,Contagious: Why Things Catch On,Beyond Good and Evil: Prelude to a Philosophy of the Future,Purpose of Life,The Wonderful Wizard of Oz by L. Frank Baum (Amazon Classics Annotated Original Edition),Like the Flowing River: Thoughts and Reflections,The Power of the Spoken Word:Illustrated Edition,Amazon Brand - Eono New year Diary 2022 New year Leather Diary With lock 24 cm x 18 cm x 3 cm,Facebook: The Inside Story,A Tale of Two Cities: (150th Anniversary Edition),Illustrated Classics - Journey To The Center Of The Earth: Abridged Novels With Review Questions (Hardback),The Influencer: Speed Must Have a Limit,Amazon Decoded: A Marketing Guide to the Kindle Store (Let's Get Publishing Book 4),La Gemma Luminosa : novella scaligera (Novella Scaligera- la gemma luminosa),Winged: The buttetfly,Leadership in Organizations |Ninth Edition|By Pearson,Yah Samvidhan Hamara Ya Angrejon Ka (Hindi),Lahar,How to Resist Amazon and Why: The Fight for Local Economics, Data Privacy, Fair Labor, Independent Bookstores, and a People-Powered Future!,Luck and Other Deadly Things: A free miscellany of new bonus content for fans of The Gambler's Den series,Essentially Mira: The Extraordinary Journey Behind Forest Essentials,Deep Focus: Reflections on Cinema","Paperback,Paperback,Kindle Edition,Paperback,Kindle Edition,Paperback,Kindle Edition,Paperback,Kindle Edition,Hardcover,Kindle Edition,Kindle Edition,Kindle Edition,Kindle Edition,Paperback,Kindle Edition,Paperback,Kindle Edition,Kindle Edition,Hardcover,Paperback"
"Patrick M. Lencioni,Alexandre Dumas,VASTUSHASTRI KHUSHDEEP BANSAL,Baldev Bhatia, and ,BALDEV BHATIA,Jim Ray Johnson,ANANT PAI,Swapnil  Pandey ,Devendra Swaroop,Napoleon Hill,Morgan Gist MacDonald,Arvind Parashar,Mark Twain,Red Mikhail,Claire Kendal,Laila Ibrahim, and ,Roberta Maresca,William Shakespeare,Antonis Tsagaris,Julian Holland, and ,Times Books,Robin Sharma,H. G. Wells,Napoleon Hill,Various","276,.,299,295,0,0,0,0,0,265,0,162,531,0,0,0,531,0,2,405,.,251,113,.,139,269",,"The Five Dysfunctions of a Team, Enhanced Edition: A Leadership Fable (J-B Lencioni Series Book 43),The Man In The Iron Mask,Purpose of Life,Remedies of Planets: Special Edition (Remedy Planets Book 1),eCommerce Workshop (Book Combo): Creating an Online Store Ecommerce Business from Shopify, Amazon Selling, and Amazon Associates Affiliate Program,Tinkle Digest 15,Love Story of a Commando,Yah Samvidhan Hamara Ya Angrejon Ka (Hindi),The Law of Success in Sixteen Lessons,Start Writing Your Book Today: A step-by-step plan to write your nonfiction book, from first draft to finished manuscript,Lost in Love,The Greatest Novels of Mark Twain (Deluxe Hardbound Edition),AMAZON FBA Step By Step (2022 Update): A Beginners Guide To Selling On Amazon, Making Money And Finding Products That Turns Into Cash (Fulfillment by Amazon Business Book 1),The Book of You: Free Sampler,Il primo fiore di zafferano (Italian Edition),Greatest Tragedies of Shakespeare (Deluxe Hardbound Edition),KDP: Zero to Hero: Write, Publish And Promote Your Books In The Kindle Store (Making Passive Income On Amazon Book 2),The Times Golden Years of Rail Travel,Family Wisdom,The Time Machine,How To Raise Your Own Salary (Hindi),50 World’s Greatest Essays","Kindle Edition,Paperback,Paperback,Kindle Edition,Kindle Edition,Kindle Edition,Kindle Edition,Kindle Edition,Paperback,Kindle Edition,Paperback,Hardcover,Kindle Edition,Kindle Edition,Kindle Edition,Hardcover,Kindle Edition,Kindle Edition,Paperback,Paperback,Paperback,Paperback"
"Lobsang P. Lhalunggpa, and ,Lhalungpa,E. M. Forster,Favour  Ugwu,Alex Wong,SANJAY BHOLA DHEER,Rajani Thindiath,Saideep Sunkari,, ,Tulasi Krishna Gannavaram V,, et al.,Taylor Jenkins Reid,Gordon Hedley,ANANT PAI,Jane Austen,Institute of Directors India,Alisa Zay,George Orwell,ANANT PAI,Nigel A. Morgan,Avinash Malekar,Aman A S,डॉ. फूलचंद प्रसाद गुप्त,Shirley Wells,Ann Handley,Robin Sharma","246,160,449,2,024,149,0,0,389,0,0,569,7,000,0,99,0,287,.,0,299,0,300,.,199,227",,"The Life of Milarepa,A Passage To India,Step by Step guide on successfully getting your books on Amazon. : An Overview,Amazon Product Listing Hacks: The Complete Guide To Ranking Higher And Getting More Sales: 3 (Amazon Marketing Book),Amazon Success Story (hindi),TINKLE HOLIDAY SPECIAL VOL-42: HOLIDAY SPECIAL,VOICE ASSISTANT ROBOTIC VEHICLE,Malibu Rising: The Sunday Times Bestseller,Earn Money Outside Your Day Job: Create a Part-Time Income Business via Affiliate Marketing & Amazon Cookbook Publishing,Tinkle Digest 47,Greatest Works Jane Austen (DELUXE HARDBOUND EDITION),13 IOD's Handbooks of a Set: Corporate Leadership | The Board | Independent Directors | Governance | Social Responsibility | Risk Management | Ethics | Emotional Intelligence | Internal Audit | Cyber Security,Untitled (fly): English-Russian poetry,Animal Farm,Tinkle Digest 30,401 Vincy Caribbean Proverbs: Amazing Expressions to Guide You,Internet millionaire: If you want to be someone hanging out on the beaches of the world while your online businesses work for you in the background,THE ONLINE STARTUP How to start a business online leveraging the power of Amazon in 2019: (Sell Private Label Products On Amazon FBA, Make Money while ... and Let the business work for you 24*7),Mahayogi Gorakhnath (Hindi Edition),Dead Simple (A Dylan Scott Mystery Book 8),Everybody Writes: Your Go-To Guide to Creating Ridiculously Good Content,The 5 AM Club: Own Your Morning, Elevate Your Life","Paperback,Paperback,Kindle Edition,Hardcover,Paperback,Kindle Edition,Kindle Edition,Paperback,Kindle Edition,Kindle Edition,Hardcover,Paperback,Kindle Edition,Paperback,Kindle Edition,Kindle Edition,Kindle Edition,Kindle Edition,Kindle Edition,Kindle Edition,Kindle Edition,Paperback"
"Rahul Agarwal & Bharathi S Pradhan,Various,ANANT PAI,ANANT PAI,Biohacked Trader,Biman Basu,Ruskin Bond,ANANT PAI,Andrew Kap,Jules Verne,Anne Frank,Mallanaga Vatsysysna,Jennifer Scupi,Dr. H.K. Bakhru,Sachin Kumar,Caroline Mitchell,Kendra Elliot, and ,Roberta Marasco,Scott Galloway,Seiryl  Williams ,Rahul Lokurte,Arundhati Bhattacharya,Anne Frank","716,189,0,0,0,377,231,0,78,0,179,199,0,0,0,0,0,454,0,0,470,149",,"Turbulence & Triumph The Modi Years,Greatest Short Stories For Children,Tinkle Digest 26,Tinkle Digest 16,Passive Income: Easy Ecommerce 2-in-1! How to Automate TWO Simple Work from Home Businesses with Shopify and Start Earning Smart Passive Income with No Capital Required.,India's Space Adventure (Let's Find Out),The Writer On The Hill: The Very Best Of Ruskin Bond,Tinkle Digest 45,3 Words I Used To Sell 100,000 Books: A Counterintuitive Strategy For Nonfiction Authors,Eight Hundred Leagues on the Amazon,The Diary of a Young Girl (Telugu),Kama Sutra (Hindi),Answering Behavioral Questions in Amazon Interviews: Advice for Candidates at All Levels,Falon Aur Sabziyon Se Chikitsa (Hindi Edition),HOW TO START AMAZON EBOOK BUSINESS In 2022: The Secret Formula Making Insane Huge Profits Quickly On Amazon : Make A Full-Time Passive Income From AMAZON EBooks Business,The Midnight Man: A gripping new crime series (A Slayton Thriller Book 1),Sola (Bone Secrets Vol. 4) (Italian Edition),The Four: The Hidden DNA of Amazon, Apple, Facebook and Google,The Boy who killed At 12: The kid killer,AWS Cloud Development Kit CookBook,INDOMITABLE: A Working Woman's Notes on Work, Life and Leadership,The Diary of a Young Girl (Tamil)","Hardcover,Paperback,Kindle Edition,Kindle Edition,Kindle Edition,Paperback,Paperback,Kindle Edition,Kindle Edition,Kindle Edition,Paperback,Paperback,Kindle Edition,Kindle Edition,Kindle Edition,Kindle Edition,Kindle Edition,Paperback,Kindle Edition,Kindle Edition,Hardcover,Paperback"
"Dale Carnegie,Tripp Mickle,Alice  Jackson ,Sunny Patil,Kate DiCamillo, and ,Bagram Ibatoulline,விமலாதித்த மாமல்லன் Vimaladhitha Maamallan,ANANT PAI,Willie M. Scott,Craig Macnaughton,ANANT PAI,Discover Planet Editorial Team,Wonder House Books,Jeffery Deaver,Yiyun Li,Scott Lamb, and ,Tim Ellsworth,ANANT PAI,ANANT PAI,Nikhil Sachan,Jonathan Agnew,Santosh Mehrotra, and ,Sylvie Guichard,Little House,G.C. Pipara","190,459,0,0,310,0,0,0,0,0,195,199,0,0,797,.,0,0,175,1,035,.,746,399,906",,"How to Win Friends and Influence People,After Steve : How Apple became a Trillion-Dollar Company and Lost Its Soul,How To FIX OBESITY: Amazing Facts About The Root Causes, Long-Term Lifestyle, Diet, Exercise, Treatment And Control Of This Epidemic.,35 ways to make money : At Home,The Miraculous Journey of Edward Tulane,அமேஸானில் இ-புத்தகம் வெளியிடுவது எப்படி: How to publish eBook in Amazon (Tamil Edition),TINKLE DOUBLE DIGEST 5,How To Update Credit Card Information On Amazon: Delete, Add, Or Edit Credit Cards on Your Account In 30 Seconds – Step by Step Guide with Screenshots,R is for Rainforests: A Brilliantly Biodiverse Alphabet! (Learning THINGS),TINKLE DIGEST 7,India Tourist Road Atlas (Gujarati) - Approved by Survey of India & Ministry of Defence,Illustrated Classics - A Christmas Carol: Abridged Novels With Review Questions (Hardback),Scheme,If You Are Lonely and You Know It (Currency),Pujols: Más allá del béisbol (Spanish Edition),Tinkle Digest 43,Tinkle Digest 36,Yupi 65 (UP 65),Aggers’ Ashes,Planning in the 20th Century and Beyond: India's Planning Commission and the NITI Aayog,1008 Activity Book for Kids Ages 4-8: Over 1008 Fun Activities Workbook Game For Everyday Learning, Dot to Dot, Colouring, Mazes, Puzzles, Word Searches and More!,Taxmann's Forensic Audit Decoded-Unlocking The Secrets Of Financial Accounting & Investigation (September 2020 Edition)","Paperback,Paperback,Kindle Edition,Kindle Edition,Paperback,Kindle Edition,Kindle Edition,Kindle Edition,Kindle Edition,Kindle Edition,Paperback,Hardcover,Kindle Edition,Kindle Edition,Kindle Edition,Kindle Edition,Kindle Edition,Paperback,Kindle Edition,Hardcover,Paperback,Hardcover"
"Various,Tina Biswas,KIRAN GULASKAR, and ,PRAFULL ACHARI,SWETT MARDEN,Ayumi Goto,Aho,Leyton Cardenas,Ronald A.  Garcia,John Anderson,Dave Jones,John C. Bogle,Charlotte Bronte,Craig Macnaughton,Jeffrey Archer,ANANT PAI,Charles Derrick,Kelly Santana-Banks,Colin Bryar, and ,Bill Carr,Mahesh Dutt Sharma,ANANT PAI,Mark Twain,Steven Pressfield","531,249,0,103,.,0,630,0,0,0,0,1,099,179,0,364,.,0,0,229,429,19,.,0,179,599",,"World's Greatest Speeches (Deluxe Edition),The Antagonists,दुरावा (एक काव्यसंग्रह) A Poetry Book: किरण गुळस्कर (Marathi Edition),Swett Marden Motivational Books (Set of 5 Books) [Aage Badne ki Kala + Apna Bhagya Swayam Badle + Safalta Ki Sidiyan + Swett Marden Ke Prerak Vichar + Unnati Ki Raahein] (Hindi Edition),Amazon Kindle E_Books cover collection100: 100 cover portfolio and authors (IDEA BOX) (Japanese Edition),Compilers: Principles Techniques and Tool | Second Edition | By Pearson,AWS Serverless Computing: Guide To Use AWS Lambda, Amazon API Gateway And Services For Beginners,Thai Cookbook For Beginners.: The Most Important, Cherished, and Delectable Family Recipes from the Kitchen.,The Effective Ecommerce System: Sell Products Through Amazon FBA & Facebook Shopify,How to Check Balance on Gift Card from Amazon: How to Check Gift Card Balance,The Little Book of Common Sense Investing: The Only Way to Guarantee Your Fair Share of Stock Market Returns,Jane Eyre for Kids : illustrated Abridged Children Classics English Novel with Review Questions,R is for Rainforests: A Brilliantly Biodiverse Alphabet! (Learning THINGS),Next in Line: The latest book from the Sunday Times bestselling author, the must-read new crime-thriller of 2022 (William Warwick Novels),Tinkle Digest 14,Google Docs Ultimate User's Guide: Beginners Illustrative Guide to Google Docs,Book Reviews: Understanding the Psychology Behind Them and How to Get Readers to Leave a Review: (A Perspective from a Former Reviewer),Working Backwards: Insights, Stories, and Secrets from Inside Amazon,Ghar Baithe Youtube Se Paisa Kamayen aur Ameer Bane : The Ultimate Guide To Maximize Your Income By Youtube (Hindi Edition),TINKLE DOUBLE DIGEST 5,The Prince and the Pauper for Kids : illustrated Abridged Children Classics English Novel with Review Questions,Turning Pro: Tap Your Inner Power and Create Your Life's Work","Hardcover,Paperback,Kindle Edition,Kindle Edition,Kindle Edition,Paperback,Kindle Edition,Kindle Edition,Kindle Edition,Kindle Edition,Hardcover,Hardcover,Kindle Edition,Kindle Edition,Kindle Edition,Kindle Edition,Kindle Edition,Paperback,Kindle Edition,Kindle Edition,Hardcover,Paperback"
"Napoleon Hill,Siddhartha Bhasker,H. G. Wells,Faith Olayiwola,ANANT PAI,Virginia Woolf,Colin Bryar, and ,Bill Carr,Mahesh Dutt Sharma,Sadiq Dagona,Vernon Schmid,Institute of Directors India,Erin Lowry,ANANT PAI,AWS Whitepapers,Cliff Kuang, and ,Robert Fabricant,ANANT PAI,Paul Finch,Gilbert Keith Chesterton,Tamara Monosoff,Waris Eko,Robin Sharma,Vishal Desai, and ,Vibrant Publishers","94,179,234,0,0,234,429,19,.,0,0,8,000,575,0,0,392,0,0,315,0,0,220,499",,"Think And Grow Rich,Whispering Bricks, Stories of love, loss, and friendship from IIMA,The Invisible Man by H. G. Wells Annotated,100 Words of The Wealthy,Tinkle Digest 14,To the Lighthouse,Working Backwards: Insights, Stories, and Secrets from Inside Amazon,Ghar Baithe Youtube Se Paisa Kamayen aur Ameer Bane : The Ultimate Guide To Maximize Your Income By Youtube (Hindi Edition),AFFILIATE MARKETNG GUIDE : Affiliate Marketing For Beginners,The American Civil War: Cherokee Mounted Rifles Muster Roll and Commentary,Complete Set of 17 Handbooks by Institute of Directors, India || condensed guides & ready reckoners for corporate directors (2022),Broke Millennial: Stop Scraping By and Get Your Financial Life Together (Broke Millennial Series),Tinkle Digest 22,AWS Well-Architected Framework (AWS Whitepaper),User Friendly: How the Hidden Rules of Design are Changing the Way We Live, Work & Play,Tinkle Digest 13,Death’s Door: A gripping, free short story for crime thriller fans from the Sunday Times bestseller,The Innocence of Father Brown (Annotated Original Edition),The Author to Income Formula: How to Turn Your Book into a Money-Making Empire (The Author-to-Income Formula 1),YOUR FIRST $1 ONLINE : Start making a living, Publish books without writing it yourself,The 5 AM Club (Hindi),Sales Management Essentials You Always Wanted To Know","Paperback,Paperback,Kindle Edition,Kindle Edition,Kindle Edition,Kindle Edition,Paperback,Kindle Edition,Kindle Edition,Kindle Edition,Paperback,Paperback,Kindle Edition,Kindle Edition,Paperback,Kindle Edition,Kindle Edition,Kindle Edition,Kindle Edition,Kindle Edition,Paperback,Paperback"
"Napoleon Hill,Ghulam Sarwar Khan Niazi,Paul Finch,Alyssa Becker,Yiyun Li,Waris Eko,Nmesoma Dimelu,Kuldip Nayar,Kaajal Oza-Vaidya,Brad Schepp, and ,Debra Schepp,Corbett Jim,Bishweshwar Nandi,, ,Digvijay Singh Deo,, et al.,ANANT PAI,Tony Simmons,ANANT PAI,Tanis Gray,Jane Austen, and ,Jacqui Oakley,Chimamanda Ngozi Adichie,Hanadi Falki,Tiago Forte,Radhakrishnan Pillai,Sudhir Ahluwalia","126,338,0,86,.,0,0,0,0,0,1,850,235,149,0,0,0,1,355,.,0,0,0,323,289,303",,"Think and Grow Rich,The Life And Works Of Sultan Alauddin Khalji,Death’s Door: A gripping, free short story for crime thriller fans from the Sunday Times bestseller,Loving Disaster (Italian Edition),If You Are Lonely and You Know It (Currency),YOUR FIRST $1 ONLINE : Start making a living, Publish books without writing it yourself,Excellent keys and practical steps to get your books on Amazon: Basic steps to publishing on Amazon,Bhagat Singh Ki Phansi Ka Sach (Hindi Edition),Krishnayan (Hindi),Amazon Top Seller Secrets: Inside Tips From Amazon's Most Successful Sellers: Insider Tips from Amazon's Most Successful Sellers,JUNGLE LORE (OIP) 2/E: Jim Corbett,With an Introduction By Martin Booth,Dipa Karmakar: The Small Wonder (Bengali),Tinkle Digest 34,THE ECOMMMERCE PROJECT: Start a New E-Commerce Business Even Without Your Own Inventory and Without Shipping the Product Yourself…. FREECOMMERCE & GIFT JACKING bundle,Tinkle Digest 32,Wanderlust: 46 Modern Knits for Bohemian Style,The Complete Novels of Jane Austen: Emma, Pride and Prejudice, Sense and Sensibility, Northanger Abbey, Mansfield Park, Persuasion, and Lady Susan (The Heirloom Collection),Zikora: A Short Story,FIELD MARSHAL SAM MANEKSHAW,Building a Second Brain: A Proven Method to Organise Your Digital Life and Unlock Your Creative Potential,Corporate Chanakya, 10th Anniversary Edition-2021: Successful Management the Chanakya Way,Holy Herbs: Modern Connections to Ancient Plants","Paperback,Hardcover,Kindle Edition,Kindle Edition,Kindle Edition,Kindle Edition,Kindle Edition,Kindle Edition,Kindle Edition,Paperback,Paperback,Paperback,Kindle Edition,Kindle Edition,Kindle Edition,Paperback,Kindle Edition,Kindle Edition,Kindle Edition,Kindle Edition,Paperback,Paperback"
"Frank O Ochoa,Geoffrey A. Moore,Hanadi Falki,Reeta Pal, and ,Nishant Pal,Seiryl  Williams ,Joanna Cannon,Tiago Forte,James Moore,Harry Sidebottom,Alinka Rutkowska,Shakti Gawain, and ,Pushpa Thakkar,David Herbert Lawrence,Prisca James,C. Precy,Koren Zailckas,George Eliot,Danny Caine,WRIGHT WESTON,Coding Ninjas,EXCEL BOOKS,Wonder House Books","469,999,0,0,0,0,323,0,0,0,180,229,234,0,0,0,234,0,249,795,179",,"Secrets of a Pivot Boss: Revealing Proven Methods for Profiting in the Market,Crossing the Chasm, 3rd Edition: Marketing and Selling Disruptive Products to Mainstream Customers (Collins Business Essentials),FIELD MARSHAL SAM MANEKSHAW,Farming System – Approach, Modern Concepts in Agriculture, Farming Systems Components and Crop Production,Stay Remembered : A Romance Novel,Three Things I’d Tell My Younger Self (E-Story),Building a Second Brain: A Proven Method to Organise Your Digital Life and Unlock Your Creative Potential,Passive Income: Beginners Guide to Passive Income Streams to Gain Financial Freedom,Iron and Rust: free sampler (Throne of the Caesars, Book 1),HOW I SOLD 80,000 BOOKS: Book Marketing for Authors (Self Publishing through Amazon and Other Retailers),Secret Subconscious Mindche: Creative Visualization: Use The Power Of Your Imagination To Create What You Want In Your Life - Marathi,Arthashastra,Sons and Lovers (annotated),The Heals,THE KILLER NEXTDOOR,Mother, Mother: Free Sampler,Middlemarch annotated,How To Resist Amazon And Why (2nd Edition): The Fight for Local Economics, Data Privacy, Fair Labor, Independent Bookstores, and a People-Powered Future! (Real World),HOW TO MANAGE BOOKS ON KINDLE FOR BEGINNERS: The Simple User Guide to Learning How to Add, Transfer, Borrow, Lend and Delete Books on Your Amazon Kindle with Tips & Tricks for Both Novices & Experts,Acing the Coding Round: 125+ Most Popular Interview Problems,Certificate of Yoga Professionals: Official Guidebook,Illustrated Classics - The Jungle Book: Abridged Novels With Review Questions (Hardback)","Paperback,Paperback,Kindle Edition,Kindle Edition,Kindle Edition,Kindle Edition,Kindle Edition,Kindle Edition,Kindle Edition,Kindle Edition,Paperback,Paperback,Kindle Edition,Kindle Edition,Kindle Edition,Kindle Edition,Kindle Edition,Paperback,Kindle Edition,Kindle Edition,Paperback,Hardcover"
"Wonder House Books,Grant Cardone,Arthur Ransome,Harry Sidebottom,Edgar Rice Burroughs,ANANT PAI,Kevin Kosbab,Editora Leitura Top 10,NDUKWE JAMES,Rajani Thindiath,Jeffrey K. Liker,Institute of Directors India,Let's Crack,Mahesh Dutt Sharma,Neil Asher,Alyssa Becker,ANANT PAI,ANANT PAI,ANANT PAI,Alyssa Becker,Mahatma Gandhi,Shantanu Naidu, and ,Sanjana Desai","199,999,141,.,0,236,0,2,137,.,0,0,0,660,500,0,0,0,86,.,0,0,0,86,.,449,268",,"The Illustrated Jataka Tales: Classic Tales from India,Sell or Be Sold: How to Get Your Way in Business and in Life,Swallows And Amazons,Iron and Rust: free sampler (Throne of the Caesars, Book 1),The Gods of Mars Illustrated,Tinkle Digest 36,The Quilter's Appliqué Workshop: Timeless Techniques for Modern Designs,Encontrando Sua Verdadeira Paixão: Encontre sua verdadeira paixão e seja mais feliz (Portuguese Edition),THE ANTI SCAM MANUAL: SECRETS OF THE AFRICAN SCAMMER REVEALED,SHIKARI SHAMBU (VOL -5): TINKLE COLLECTION (SHIKARI SHAMBU : TINKLE COLLECTION),THE TOYOTA WAY: 14 Management Principles from the World's Greatest Manufacturer | 2nd Edition,A Handbook on INSOLVENCY AND BANKRUPTCY CODE | Condensed Guide for Corporate Director & Senior Executive ( Latest Editions ),NCERT EBOOK FOR UPSC ASPIRANTS 2022 - 2023 | CSE EXAM PREPARATION GUIDE: K. MOUNIKA,50 Safaltam Vyaktiyon Ke Success Secrets (Hindi Edition),How to Have a Wildly Successful Online Business on Amazon FBA in India,Princess (Italian Edition),Tinkle Digest 38,Tinkle Digest 31,TINKLE DOUBLE DIGEST 3,Only You (Italian Edition),The Story of My Experiments with Truth Mahatma Gandhi (Deluxe Hardbound Edition): An Autobiography,I CAME UPON A LIGHTHOUSE: A Short Memoir of Life with Ratan Tata","Hardcover,Hardcover,Kindle Edition,Kindle Edition,Kindle Edition,Kindle Edition,Paperback,Kindle Edition,Kindle Edition,Kindle Edition,Paperback,Paperback,Kindle Edition,Kindle Edition,Kindle Edition,Kindle Edition,Kindle Edition,Kindle Edition,Kindle Edition,Kindle Edition,Hardcover,Paperback"
"Napoleon Hill,Aruna Chakravarti,Mahesh Dutt Sharma,Alyssa Becker,Sir Arthur Conan Doyle,R.R. Varma,Pramod K Chaudhari,ANANT PAI,Gilbert Keith Chesterton,Let's Crack,Rajendra Shete, and ,CA. M M Chitale,Thomas J. Stanley Ph.D.,, ,William D. Danko Ph.D,, et al.,Tony Strait,Robert  Louis Stevenson,Cade Metz,ANANT PAI,Misha Yurchenko,Armaan Kohli,Mark  Twain,ANANT PAI,Abhaidev,Paramahansa Yogananda,, ,Yukteshwar Giri Lahiri Mahasaya, Mahavatar Babaji,, et al.","171,422,0,86,.,0,170,0,0,315,0,349,225,0,0,426,.,0,0,0,314,0,251,95",,"Think and Grow Rich,Jorasanko,50 Safaltam Vyaktiyon Ke Success Secrets (Hindi Edition),Only You (Italian Edition),Sherlock Holmes Ki Lokpriya Kahaniyan (Hindi),The Bhagwat Gita,Mastering English (Spoken English & Grammar),TINKLE DIGEST 6,St. Francis of Assisi (Annotaed Edition),NCERT EBOOK FOR UPSC ASPIRANTS 2022 - 2023 | CSE EXAM PREPARATION GUIDE: K. MOUNIKA,The Rules and Red Flags,The Millionaire Next Door: The Surprising Secrets of America's Wealthy, 20th Anniversary Edition,How To Publish a Book on Amazon Kindle Store,The New Arabian Nights Annotated,Genius Makers: The Mavericks Who Brought A.I. to Google, Facebook, and the World,TINKLE DIGEST 3,Cracking the Amazon Interview: A Step by Step Guide to Land the Job,Amazon Affiliate: Make Money with the Amazon Affiliate Program,A Connecticut Yankee in King Arthur's Court Annotated,TINKLE DIGEST 9,The Influencer: Speed Must Have a Limit,योगी कथामृत (Autobiography of a Yogi Hindi), Yogi Kathaamrit/Kathamrit Hindi, Paramahansa Yogananda, (Yogi ki Aatmakatha/Atmakatha/Aatmkatha/Atmaakatha/Jeevani आत्मकथा हिंदी बुक (Get free bookmark)","Paperback,Paperback,Kindle Edition,Kindle Edition,Kindle Edition,Paperback,Kindle Edition,Kindle Edition,Kindle Edition,Kindle Edition,Paperback,Paperback,Kindle Edition,Kindle Edition,Paperback,Kindle Edition,Kindle Edition,Kindle Edition,Kindle Edition,Kindle Edition,Paperback,Paperback"
"Paramahansa Yogananda,Hameed Imran,ANANT PAI,Ogechi Kalu,John Tighe,Brian  Bowers,ANANT PAI,Bharathiyar,Vick Middleton,Rajani Thindiath,Dr. R.P. Rustagi,Discover Planet Editorial Team,Amazon Brand - Solimo,Cameron Clarke,ANANT PAI,ANANT PAI,Anderson Howard,Editora Leitura Top 10,Zee Jay, and ,Fardee Joss,ANANT PAI,Liz Wiseman,Vipul Jain","169,249,0,0,99,0,0,0,0,0,595,195,171,0,0,0,223,0,0,0,389,190",,"Autobiography of a Yogi: English Paperback, Yogi Paramahansa Yogananda Books, an original complete latest edition in English (a spiritual book for introduction to Kriya yoga meditation),Alphabets: Learn the Fun Way,TINKLE DOUBLE DIGEST 3,The mastery of ebook creation and publishing,Fiction Writer Royalties: Maximize Your Kindle Royalties, Rapidly Build Your Author Platform and Sell More Books,Dead Beach,Tinkle Digest 34,panjali sabatham (Tamil),AWS for Beginners: The Complete Beginner's Guide to Learn and Understand Amazon Web Services and Its Future in Modern World,TINKLE HOLIDAY SPECIAL NO. 36,Taxmann's Fundamentals Of Financial Management-With Excel Applications (Cbcs) (15Th Edition August 2020) [Paperback] Dr. R.P. Rustagi,Gujarat Tourist Road Atlas (Hindi) - Approved by Survey of India & Ministry of Defence,Amazon Brand - Solimo Colouring Bag for Boys,Amazon Alexa: 2018 Ultimate User Guide For Alexa,Tinkle Digest 31,Tinkle Digest 46,HOW TO REGISTER YOUR SMART TV ON AMAZON PRIME ACCOUNT: Step by Step User Guide on how to register my Amazon, Sony, Samsung TV using My TV Code with Screenshots,Encontrando Sua Verdadeira Paixão: Encontre sua verdadeira paixão e seja mais feliz (Portuguese Edition),A Beginner’s Guide to Start E-Commerce Business – For Entrepreneurs & Enthusiasts (FIRST EDITION Book 1),Tinkle Digest 19,Multipliers: How the Best Leaders Make Everyone Smart (Revised and Updated),India Tourist Guide and Political |First Edition, 2013","Paperback,Paperback,Kindle Edition,Kindle Edition,Kindle Edition,Kindle Edition,Kindle Edition,Kindle Edition,Kindle Edition,Kindle Edition,Paperback,Paperback,Paperback,Kindle Edition,Kindle Edition,Kindle Edition,Kindle Edition,Kindle Edition,Kindle Edition,Kindle Edition,Paperback,Paperback"
"Neil Strauss,Scott H. Young,Tech24 Now,Manoj Ambike,Om Books Editorial Team,Henry K Mills,Narotam Sekhsaria,Wonder House Books","316,416,0,350,1,148,0,487,199",,"The Game,Ultralearning: Accelerate Your Career, Master Hard Skills and Outsmart the Competition,How To Sell eBook On Amazon - Way To Unlock Passive Income,उद्योजक क ीयशस्वी उद्योजक (Udyojak Ki Yashasvi Udyojak),Encyclopedia of Science ( Set of 8 Books) (Encyclopedias),AMAZON KINDLE FIRE 7 (12th GENERATION) USER GUIDE: Complete Manual for Beginners & Seniors with Alexa Tips & Tricks (2022). Master Zoom, YouTube, Camera, ... (Simple Guide to Kindle Devices Book 2),AMBUJA STORY: How a Group of Ordinary Men Created an Extraordinary Company,Flags of the World - Sticker Coloring Activity Book For Children : Continent, Country, Capital, Language and Currency","Paperback,Paperback,Kindle Edition,Paperback,Paperback,Kindle Edition,Hardcover,Paperback"
